gene,blank,length,position,read_depth,sequence,alignment_position
YPL240C,0,2130,1,2,A,1
YPL240C,0,2130,2,4,T,2
YPL240C,0,2130,3,6,G,3
YPL240C,0,2130,4,8,G,4
YPL240C,0,2130,5,10,C,5
YPL240C,0,2130,6,12,T,6
YPL240C,0,2130,7,14,A,7
YPL240C,0,2130,8,16,G,8
YPL240C,0,2130,9,18,T,9
YPL240C,0,2130,10,20,G,10
YPL240C,0,2130,11,22,A,11
YPL240C,0,2130,12,24,A,12
YPL240C,0,2130,13,26,A,13
YPL240C,0,2130,14,28,C,14
YPL240C,0,2130,15,30,T,15
YPL240C,0,2130,16,32,T,16
YPL240C,0,2130,17,34,T,17
YPL240C,0,2130,18,36,T,18
YPL240C,0,2130,19,38,G,19
YPL240C,0,2130,20,40,A,20
YPL240C,0,2130,21,42,A,21
YPL240C,0,2130,22,44,T,22
YPL240C,0,2130,23,46,T,23
YPL240C,0,2130,24,48,T,24
YPL240C,0,2130,25,50,C,25
YPL240C,0,2130,26,52,A,26
YPL240C,0,2130,27,54,A,27
YPL240C,0,2130,28,56,G,28
YPL240C,0,2130,29,58,C,29
YPL240C,0,2130,30,60,T,30
YPL240C,0,2130,31,60,G,31
YPL240C,0,2130,32,60,A,32
YPL240C,0,2130,33,60,A,33
YPL240C,0,2130,34,60,A,34
YPL240C,0,2130,35,60,T,35
YPL240C,0,2130,36,60,T,36
YPL240C,0,2130,37,60,A,37
YPL240C,0,2130,38,60,C,38
YPL240C,0,2130,39,60,T,39
YPL240C,0,2130,40,60,C,40
YPL240C,0,2130,41,60,A,41
YPL240C,0,2130,42,60,G,42
YPL240C,0,2130,43,60,T,43
YPL240C,0,2130,44,60,T,44
YPL240C,0,2130,45,60,G,45
YPL240C,0,2130,46,60,A,46
YPL240C,0,2130,47,60,T,47
YPL240C,0,2130,48,60,G,48
YPL240C,0,2130,49,60,A,49
YPL240C,0,2130,50,60,G,50
YPL240C,0,2130,51,60,T,51
YPL240C,0,2130,52,60,T,52
YPL240C,0,2130,53,60,T,53
YPL240C,0,2130,54,60,G,54
YPL240C,0,2130,55,60,A,55
YPL240C,0,2130,56,60,T,56
YPL240C,0,2130,57,60,C,57
YPL240C,0,2130,58,60,A,58
YPL240C,0,2130,59,60,T,59
YPL240C,0,2130,60,60,C,60
YPL240C,0,2130,61,60,A,61
YPL240C,0,2130,62,60,A,62
YPL240C,0,2130,63,60,C,63
YPL240C,0,2130,64,60,A,64
YPL240C,0,2130,65,60,C,65
YPL240C,0,2130,66,60,C,66
YPL240C,0,2130,67,60,G,67
YPL240C,0,2130,68,60,T,68
YPL240C,0,2130,69,60,C,69
YPL240C,0,2130,70,60,T,70
YPL240C,0,2130,71,60,A,71
YPL240C,0,2130,72,60,T,72
YPL240C,0,2130,73,60,T,73
YPL240C,0,2130,74,60,C,74
YPL240C,0,2130,75,60,T,75
YPL240C,0,2130,76,60,A,76
YPL240C,0,2130,77,60,A,77
YPL240C,0,2130,78,60,C,78
YPL240C,0,2130,79,60,A,79
YPL240C,0,2130,80,60,A,80
YPL240C,0,2130,81,60,G,81
YPL240C,0,2130,82,60,G,82
YPL240C,0,2130,83,60,A,83
YPL240C,0,2130,84,60,A,84
YPL240C,0,2130,85,60,A,85
YPL240C,0,2130,86,60,T,86
YPL240C,0,2130,87,60,T,87
YPL240C,0,2130,88,59,T,88
YPL240C,0,2130,89,58,T,89
YPL240C,0,2130,90,57,C,90
YPL240C,0,2130,91,56,T,91
YPL240C,0,2130,92,55,T,92
YPL240C,0,2130,93,54,G,93
YPL240C,0,2130,94,53,A,94
YPL240C,0,2130,95,52,G,95
YPL240C,0,2130,96,51,A,96
YPL240C,0,2130,97,50,G,97
YPL240C,0,2130,98,49,A,98
YPL240C,0,2130,99,48,A,99
YPL240C,0,2130,100,47,C,100
YPL240C,0,2130,101,46,T,101
YPL240C,0,2130,102,45,G,102
YPL240C,0,2130,103,44,A,103
YPL240C,0,2130,104,43,T,104
YPL240C,0,2130,105,42,A,105
YPL240C,0,2130,106,41,T,106
YPL240C,0,2130,107,40,C,107
YPL240C,0,2130,108,39,T,108
YPL240C,0,2130,109,38,A,109
YPL240C,0,2130,110,37,A,110
YPL240C,0,2130,111,36,T,111
YPL240C,0,2130,112,35,G,112
YPL240C,0,2130,113,34,C,113
YPL240C,0,2130,114,33,C,114
YPL240C,0,2130,115,32,T,115
YPL240C,0,2130,116,31,C,116
YPL240C,0,2130,117,30,G,117
YPL240C,0,2130,118,30,G,118
YPL240C,0,2130,119,30,A,119
YPL240C,0,2130,120,30,T,120
YPL240C,0,2130,121,30,G,121
YPL240C,0,2130,122,30,C,122
YPL240C,0,2130,123,30,G,123
YPL240C,0,2130,124,30,T,124
YPL240C,0,2130,125,30,T,125
YPL240C,0,2130,126,30,G,126
YPL240C,0,2130,127,30,G,127
YPL240C,0,2130,128,30,A,128
YPL240C,0,2130,129,30,T,129
YPL240C,0,2130,130,31,A,130
YPL240C,0,2130,131,32,A,131
YPL240C,0,2130,132,33,A,132
YPL240C,0,2130,133,34,A,133
YPL240C,0,2130,134,35,T,134
YPL240C,0,2130,135,36,T,135
YPL240C,0,2130,136,37,A,136
YPL240C,0,2130,137,38,G,137
YPL240C,0,2130,138,39,A,138
YPL240C,0,2130,139,40,T,139
YPL240C,0,2130,140,41,A,140
YPL240C,0,2130,141,42,C,141
YPL240C,0,2130,142,43,A,142
YPL240C,0,2130,143,44,A,143
YPL240C,0,2130,144,45,A,144
YPL240C,0,2130,145,46,T,145
YPL240C,0,2130,146,47,C,146
YPL240C,0,2130,147,48,T,147
YPL240C,0,2130,148,49,T,148
YPL240C,0,2130,149,50,T,149
YPL240C,0,2130,150,51,G,150
YPL240C,0,2130,151,52,T,151
YPL240C,0,2130,152,53,C,152
YPL240C,0,2130,153,54,T,153
YPL240C,0,2130,154,55,G,154
YPL240C,0,2130,155,56,A,155
YPL240C,0,2130,156,57,T,156
YPL240C,0,2130,157,57,C,157
YPL240C,0,2130,158,57,C,158
YPL240C,0,2130,159,57,A,159
YPL240C,0,2130,160,56,A,160
YPL240C,0,2130,161,55,A,161
YPL240C,0,2130,162,54,G,162
YPL240C,0,2130,163,53,C,163
YPL240C,0,2130,164,52,A,164
YPL240C,0,2130,165,51,A,165
YPL240C,0,2130,166,50,T,166
YPL240C,0,2130,167,49,T,167
YPL240C,0,2130,168,48,G,168
YPL240C,0,2130,169,47,G,169
YPL240C,0,2130,170,46,A,170
YPL240C,0,2130,171,45,A,171
YPL240C,0,2130,172,44,A,172
YPL240C,0,2130,173,43,C,173
YPL240C,0,2130,174,42,A,174
YPL240C,0,2130,175,41,G,175
YPL240C,0,2130,176,40,A,176
YPL240C,0,2130,177,39,A,177
YPL240C,0,2130,178,38,C,178
YPL240C,0,2130,179,37,C,179
YPL240C,0,2130,180,36,A,180
YPL240C,0,2130,181,35,G,181
YPL240C,0,2130,182,34,A,182
YPL240C,0,2130,183,33,T,183
YPL240C,0,2130,184,32,C,184
YPL240C,0,2130,185,31,T,185
YPL240C,0,2130,186,30,C,186
YPL240C,0,2130,187,30,T,187
YPL240C,0,2130,188,30,T,188
YPL240C,0,2130,189,30,T,189
YPL240C,0,2130,190,30,A,190
YPL240C,0,2130,191,30,T,191
YPL240C,0,2130,192,30,T,192
YPL240C,0,2130,193,30,A,193
YPL240C,0,2130,194,30,G,194
YPL240C,0,2130,195,30,A,195
YPL240C,0,2130,196,30,A,196
YPL240C,0,2130,197,30,T,197
YPL240C,0,2130,198,30,C,198
YPL240C,0,2130,199,30,A,199
YPL240C,0,2130,200,30,C,200
YPL240C,0,2130,201,30,T,201
YPL240C,0,2130,202,30,C,202
YPL240C,0,2130,203,30,C,203
YPL240C,0,2130,204,30,A,204
YPL240C,0,2130,205,30,A,205
YPL240C,0,2130,206,30,A,206
YPL240C,0,2130,207,30,G,207
YPL240C,0,2130,208,31,C,208
YPL240C,0,2130,209,32,C,209
YPL240C,0,2130,210,33,A,210
YPL240C,0,2130,211,34,G,211
YPL240C,0,2130,212,35,A,212
YPL240C,0,2130,213,36,G,213
YPL240C,0,2130,214,37,C,214
YPL240C,0,2130,215,38,A,215
YPL240C,0,2130,216,39,A,216
YPL240C,0,2130,217,40,A,217
YPL240C,0,2130,218,41,A,218
YPL240C,0,2130,219,42,A,219
YPL240C,0,2130,220,43,G,220
YPL240C,0,2130,221,44,T,221
YPL240C,0,2130,222,45,T,222
YPL240C,0,2130,223,46,T,223
YPL240C,0,2130,224,47,T,224
YPL240C,0,2130,225,48,G,225
YPL240C,0,2130,226,49,G,226
YPL240C,0,2130,227,50,A,227
YPL240C,0,2130,228,51,A,228
YPL240C,0,2130,229,52,A,229
YPL240C,0,2130,230,53,T,230
YPL240C,0,2130,231,54,C,231
YPL240C,0,2130,232,55,A,232
YPL240C,0,2130,233,56,G,233
YPL240C,0,2130,234,57,A,234
YPL240C,0,2130,235,58,G,235
YPL240C,0,2130,236,59,A,236
YPL240C,0,2130,237,60,T,237
YPL240C,0,2130,238,60,T,238
YPL240C,0,2130,239,60,C,239
YPL240C,0,2130,240,60,T,240
YPL240C,0,2130,241,60,G,241
YPL240C,0,2130,242,60,G,242
YPL240C,0,2130,243,60,T,243
YPL240C,0,2130,244,60,A,244
YPL240C,0,2130,245,60,T,245
YPL240C,0,2130,246,60,T,246
YPL240C,0,2130,247,60,G,247
YPL240C,0,2130,248,60,G,248
YPL240C,0,2130,249,60,T,249
YPL240C,0,2130,250,60,A,250
YPL240C,0,2130,251,60,T,251
YPL240C,0,2130,252,60,G,252
YPL240C,0,2130,253,60,A,253
YPL240C,0,2130,254,60,C,254
YPL240C,0,2130,255,60,C,255
YPL240C,0,2130,256,60,A,256
YPL240C,0,2130,257,60,A,257
YPL240C,0,2130,258,60,G,258
YPL240C,0,2130,259,60,G,259
YPL240C,0,2130,260,60,C,260
YPL240C,0,2130,261,60,T,261
YPL240C,0,2130,262,59,G,262
YPL240C,0,2130,263,58,A,263
YPL240C,0,2130,264,57,A,264
YPL240C,0,2130,265,56,T,265
YPL240C,0,2130,266,55,T,266
YPL240C,0,2130,267,54,G,267
YPL240C,0,2130,268,53,A,268
YPL240C,0,2130,269,52,T,269
YPL240C,0,2130,270,51,T,270
YPL240C,0,2130,271,50,A,271
YPL240C,0,2130,272,49,A,272
YPL240C,0,2130,273,48,T,273
YPL240C,0,2130,274,47,A,274
YPL240C,0,2130,275,46,A,275
YPL240C,0,2130,276,45,C,276
YPL240C,0,2130,277,45,T,277
YPL240C,0,2130,278,45,T,278
YPL240C,0,2130,279,45,G,279
YPL240C,0,2130,280,44,G,280
YPL240C,0,2130,281,43,G,281
YPL240C,0,2130,282,42,T,282
YPL240C,0,2130,283,41,A,283
YPL240C,0,2130,284,40,C,284
YPL240C,0,2130,285,39,C,285
YPL240C,0,2130,286,38,A,286
YPL240C,0,2130,287,37,T,287
YPL240C,0,2130,288,36,T,288
YPL240C,0,2130,289,35,G,289
YPL240C,0,2130,290,34,C,290
YPL240C,0,2130,291,33,C,291
YPL240C,0,2130,292,34,A,292
YPL240C,0,2130,293,35,A,293
YPL240C,0,2130,294,36,G,294
YPL240C,0,2130,295,37,T,295
YPL240C,0,2130,296,38,C,296
YPL240C,0,2130,297,39,T,297
YPL240C,0,2130,298,40,G,298
YPL240C,0,2130,299,41,G,299
YPL240C,0,2130,300,42,T,300
YPL240C,0,2130,301,43,A,301
YPL240C,0,2130,302,44,C,302
YPL240C,0,2130,303,45,C,303
YPL240C,0,2130,304,46,A,304
YPL240C,0,2130,305,47,A,305
YPL240C,0,2130,306,48,A,306
YPL240C,0,2130,307,48,G,307
YPL240C,0,2130,308,48,C,308
YPL240C,0,2130,309,48,C,309
YPL240C,0,2130,310,49,T,310
YPL240C,0,2130,311,50,T,311
YPL240C,0,2130,312,51,C,312
YPL240C,0,2130,313,52,A,313
YPL240C,0,2130,314,53,T,314
YPL240C,0,2130,315,54,G,315
YPL240C,0,2130,316,55,G,316
YPL240C,0,2130,317,56,A,317
YPL240C,0,2130,318,57,A,318
YPL240C,0,2130,319,58,G,319
YPL240C,0,2130,320,59,C,320
YPL240C,0,2130,321,60,T,321
YPL240C,0,2130,322,60,C,322
YPL240C,0,2130,323,60,T,323
YPL240C,0,2130,324,60,A,324
YPL240C,0,2130,325,60,T,325
YPL240C,0,2130,326,60,C,326
YPL240C,0,2130,327,60,T,327
YPL240C,0,2130,328,60,G,328
YPL240C,0,2130,329,60,C,329
YPL240C,0,2130,330,60,T,330
YPL240C,0,2130,331,60,G,331
YPL240C,0,2130,332,60,G,332
YPL240C,0,2130,333,60,T,333
YPL240C,0,2130,334,60,G,334
YPL240C,0,2130,335,60,C,335
YPL240C,0,2130,336,60,C,336
YPL240C,0,2130,337,60,G,337
YPL240C,0,2130,338,60,A,338
YPL240C,0,2130,339,60,T,339
YPL240C,0,2130,340,60,G,340
YPL240C,0,2130,341,60,T,341
YPL240C,0,2130,342,60,A,342
YPL240C,0,2130,343,60,T,343
YPL240C,0,2130,344,60,C,344
YPL240C,0,2130,345,60,C,345
YPL240C,0,2130,346,60,A,346
YPL240C,0,2130,347,60,T,347
YPL240C,0,2130,348,60,G,348
YPL240C,0,2130,349,60,A,349
YPL240C,0,2130,350,60,T,350
YPL240C,0,2130,351,60,T,351
YPL240C,0,2130,352,60,G,352
YPL240C,0,2130,353,60,G,353
YPL240C,0,2130,354,60,T,354
YPL240C,0,2130,355,60,C,355
YPL240C,0,2130,356,60,A,356
YPL240C,0,2130,357,60,A,357
YPL240C,0,2130,358,60,T,358
YPL240C,0,2130,359,60,T,359
YPL240C,0,2130,360,60,C,360
YPL240C,0,2130,361,60,G,361
YPL240C,0,2130,362,60,G,362
YPL240C,0,2130,363,60,T,363
YPL240C,0,2130,364,60,G,364
YPL240C,0,2130,365,60,T,365
YPL240C,0,2130,366,60,T,366
YPL240C,0,2130,367,60,G,367
YPL240C,0,2130,368,60,G,368
YPL240C,0,2130,369,60,T,369
YPL240C,0,2130,370,60,T,370
YPL240C,0,2130,371,60,T,371
YPL240C,0,2130,372,60,T,372
YPL240C,0,2130,373,60,T,373
YPL240C,0,2130,374,60,A,374
YPL240C,0,2130,375,60,C,375
YPL240C,0,2130,376,60,T,376
YPL240C,0,2130,377,60,C,377
YPL240C,0,2130,378,60,T,378
YPL240C,0,2130,379,60,T,379
YPL240C,0,2130,380,60,T,380
YPL240C,0,2130,381,60,A,381
YPL240C,0,2130,382,60,T,382
YPL240C,0,2130,383,60,T,383
YPL240C,0,2130,384,60,C,384
YPL240C,0,2130,385,59,T,385
YPL240C,0,2130,386,58,T,386
YPL240C,0,2130,387,57,A,387
YPL240C,0,2130,388,56,G,388
YPL240C,0,2130,389,55,T,389
YPL240C,0,2130,390,54,T,390
YPL240C,0,2130,391,53,G,391
YPL240C,0,2130,392,52,C,392
YPL240C,0,2130,393,51,C,393
YPL240C,0,2130,394,50,G,394
YPL240C,0,2130,395,49,A,395
YPL240C,0,2130,396,48,C,396
YPL240C,0,2130,397,47,A,397
YPL240C,0,2130,398,46,G,398
YPL240C,0,2130,399,45,A,399
YPL240C,0,2130,400,44,G,400
YPL240C,0,2130,401,43,T,401
YPL240C,0,2130,402,42,T,402
YPL240C,0,2130,403,41,C,403
YPL240C,0,2130,404,40,A,404
YPL240C,0,2130,405,39,G,405
YPL240C,0,2130,406,38,G,406
YPL240C,0,2130,407,37,T,407
YPL240C,0,2130,408,36,T,408
YPL240C,0,2130,409,35,A,409
YPL240C,0,2130,410,34,T,410
YPL240C,0,2130,411,33,T,411
YPL240C,0,2130,412,32,T,412
YPL240C,0,2130,413,31,C,413
YPL240C,0,2130,414,30,A,414
YPL240C,0,2130,415,30,A,415
YPL240C,0,2130,416,30,A,416
YPL240C,0,2130,417,30,G,417
YPL240C,0,2130,418,30,A,418
YPL240C,0,2130,419,30,G,419
YPL240C,0,2130,420,30,C,420
YPL240C,0,2130,421,30,A,421
YPL240C,0,2130,422,30,A,422
YPL240C,0,2130,423,30,C,423
YPL240C,0,2130,424,30,G,424
YPL240C,0,2130,425,30,A,425
YPL240C,0,2130,426,30,C,426
YPL240C,0,2130,427,30,G,427
YPL240C,0,2130,428,30,A,428
YPL240C,0,2130,429,30,C,429
YPL240C,0,2130,430,30,G,430
YPL240C,0,2130,431,30,A,431
YPL240C,0,2130,432,30,A,432
YPL240C,0,2130,433,30,C,433
YPL240C,0,2130,434,30,A,434
YPL240C,0,2130,435,30,A,435
YPL240C,0,2130,436,30,T,436
YPL240C,0,2130,437,30,A,437
YPL240C,0,2130,438,30,C,438
YPL240C,0,2130,439,30,A,439
YPL240C,0,2130,440,30,T,440
YPL240C,0,2130,441,30,C,441
YPL240C,0,2130,442,30,T,442
YPL240C,0,2130,443,30,G,443
YPL240C,0,2130,444,30,G,444
YPL240C,0,2130,445,30,G,445
YPL240C,0,2130,446,30,A,446
YPL240C,0,2130,447,30,A,447
YPL240C,0,2130,448,30,T,448
YPL240C,0,2130,449,30,C,449
YPL240C,0,2130,450,30,C,450
YPL240C,0,2130,451,30,A,451
YPL240C,0,2130,452,30,A,452
YPL240C,0,2130,453,30,C,453
YPL240C,0,2130,454,30,G,454
YPL240C,0,2130,455,30,C,455
YPL240C,0,2130,456,30,T,456
YPL240C,0,2130,457,30,G,457
YPL240C,0,2130,458,30,G,458
YPL240C,0,2130,459,30,T,459
YPL240C,0,2130,460,30,G,460
YPL240C,0,2130,461,30,G,461
YPL240C,0,2130,462,30,T,462
YPL240C,0,2130,463,30,T,463
YPL240C,0,2130,464,30,C,464
YPL240C,0,2130,465,30,T,465
YPL240C,0,2130,466,30,T,466
YPL240C,0,2130,467,30,T,467
YPL240C,0,2130,468,30,C,468
YPL240C,0,2130,469,30,A,469
YPL240C,0,2130,470,30,C,470
YPL240C,0,2130,471,30,T,471
YPL240C,0,2130,472,30,G,472
YPL240C,0,2130,473,30,T,473
YPL240C,0,2130,474,30,T,474
YPL240C,0,2130,475,30,A,475
YPL240C,0,2130,476,30,C,476
YPL240C,0,2130,477,30,T,477
YPL240C,0,2130,478,30,C,478
YPL240C,0,2130,479,30,T,479
YPL240C,0,2130,480,30,A,480
YPL240C,0,2130,481,31,G,481
YPL240C,0,2130,482,32,A,482
YPL240C,0,2130,483,33,C,483
YPL240C,0,2130,484,34,G,484
YPL240C,0,2130,485,34,A,485
YPL240C,0,2130,486,34,A,486
YPL240C,0,2130,487,34,G,487
YPL240C,0,2130,488,34,T,488
YPL240C,0,2130,489,34,T,489
YPL240C,0,2130,490,34,A,490
YPL240C,0,2130,491,34,A,491
YPL240C,0,2130,492,34,T,492
YPL240C,0,2130,493,34,G,493
YPL240C,0,2130,494,34,A,494
YPL240C,0,2130,495,34,A,495
YPL240C,0,2130,496,34,A,496
YPL240C,0,2130,497,34,G,497
YPL240C,0,2130,498,34,A,498
YPL240C,0,2130,499,34,A,499
YPL240C,0,2130,500,34,T,500
YPL240C,0,2130,501,34,T,501
YPL240C,0,2130,502,34,G,502
YPL240C,0,2130,503,34,G,503
YPL240C,0,2130,504,34,T,504
YPL240C,0,2130,505,34,A,505
YPL240C,0,2130,506,34,G,506
YPL240C,0,2130,507,34,G,507
YPL240C,0,2130,508,35,G,508
YPL240C,0,2130,509,36,G,509
YPL240C,0,2130,510,37,T,510
YPL240C,0,2130,511,37,A,511
YPL240C,0,2130,512,37,C,512
YPL240C,0,2130,513,37,C,513
YPL240C,0,2130,514,37,A,514
YPL240C,0,2130,515,38,T,515
YPL240C,0,2130,516,39,C,516
YPL240C,0,2130,517,40,T,517
YPL240C,0,2130,518,41,T,518
YPL240C,0,2130,519,42,G,519
YPL240C,0,2130,520,43,A,520
YPL240C,0,2130,521,44,G,521
YPL240C,0,2130,522,45,G,522
YPL240C,0,2130,523,46,T,523
YPL240C,0,2130,524,47,T,524
YPL240C,0,2130,525,48,A,525
YPL240C,0,2130,526,49,T,526
YPL240C,0,2130,527,50,T,527
YPL240C,0,2130,528,51,C,528
YPL240C,0,2130,529,52,T,529
YPL240C,0,2130,530,53,T,530
YPL240C,0,2130,531,54,G,531
YPL240C,0,2130,532,55,A,532
YPL240C,0,2130,533,56,A,533
YPL240C,0,2130,534,57,A,534
YPL240C,0,2130,535,58,G,535
YPL240C,0,2130,536,59,A,536
YPL240C,0,2130,537,60,T,537
YPL240C,0,2130,538,60,G,538
YPL240C,0,2130,539,60,A,539
YPL240C,0,2130,540,60,C,540
YPL240C,0,2130,541,60,C,541
YPL240C,0,2130,542,60,A,542
YPL240C,0,2130,543,60,A,543
YPL240C,0,2130,544,60,T,544
YPL240C,0,2130,545,60,T,545
YPL240C,0,2130,546,60,G,546
YPL240C,0,2130,547,60,G,547
YPL240C,0,2130,548,60,A,548
YPL240C,0,2130,549,60,G,549
YPL240C,0,2130,550,59,T,550
YPL240C,0,2130,551,58,A,551
YPL240C,0,2130,552,57,C,552
YPL240C,0,2130,553,56,T,553
YPL240C,0,2130,554,55,T,554
YPL240C,0,2130,555,54,G,555
YPL240C,0,2130,556,53,G,556
YPL240C,0,2130,557,52,A,557
YPL240C,0,2130,558,51,A,558
YPL240C,0,2130,559,50,G,559
YPL240C,0,2130,560,49,A,560
YPL240C,0,2130,561,48,A,561
YPL240C,0,2130,562,47,A,562
YPL240C,0,2130,563,46,A,563
YPL240C,0,2130,564,45,G,564
YPL240C,0,2130,565,44,A,565
YPL240C,0,2130,566,43,G,566
YPL240C,0,2130,567,42,A,567
YPL240C,0,2130,568,41,A,568
YPL240C,0,2130,569,40,T,569
YPL240C,0,2130,570,39,A,570
YPL240C,0,2130,571,38,A,571
YPL240C,0,2130,572,37,A,572
YPL240C,0,2130,573,36,G,573
YPL240C,0,2130,574,35,G,574
YPL240C,0,2130,575,34,A,575
YPL240C,0,2130,576,33,A,576
YPL240C,0,2130,577,32,G,577
YPL240C,0,2130,578,31,T,578
YPL240C,0,2130,579,30,T,579
YPL240C,0,2130,580,30,A,580
YPL240C,0,2130,581,30,T,581
YPL240C,0,2130,582,30,C,582
YPL240C,0,2130,583,30,A,583
YPL240C,0,2130,584,30,A,584
YPL240C,0,2130,585,30,G,585
YPL240C,0,2130,586,30,A,586
YPL240C,0,2130,587,30,G,587
YPL240C,0,2130,588,30,A,588
YPL240C,0,2130,589,30,C,589
YPL240C,0,2130,590,30,A,590
YPL240C,0,2130,591,30,T,591
YPL240C,0,2130,592,30,T,592
YPL240C,0,2130,593,30,C,593
YPL240C,0,2130,594,30,T,594
YPL240C,0,2130,595,30,G,595
YPL240C,0,2130,596,30,A,596
YPL240C,0,2130,597,30,G,597
YPL240C,0,2130,598,30,T,598
YPL240C,0,2130,599,30,T,599
YPL240C,0,2130,600,30,C,600
YPL240C,0,2130,601,30,G,601
YPL240C,0,2130,602,30,T,602
YPL240C,0,2130,603,30,G,603
YPL240C,0,2130,604,30,G,604
YPL240C,0,2130,605,30,C,605
YPL240C,0,2130,606,30,C,606
YPL240C,0,2130,607,30,T,607
YPL240C,0,2130,608,30,A,608
YPL240C,0,2130,609,30,C,609
YPL240C,0,2130,610,30,C,610
YPL240C,0,2130,611,30,C,611
YPL240C,0,2130,612,30,A,612
YPL240C,0,2130,613,30,A,613
YPL240C,0,2130,614,30,T,614
YPL240C,0,2130,615,30,C,615
YPL240C,0,2130,616,30,C,616
YPL240C,0,2130,617,30,A,617
YPL240C,0,2130,618,30,A,618
YPL240C,0,2130,619,30,T,619
YPL240C,0,2130,620,30,T,620
YPL240C,0,2130,621,30,A,621
YPL240C,0,2130,622,30,G,622
YPL240C,0,2130,623,31,T,623
YPL240C,0,2130,624,32,C,624
YPL240C,0,2130,625,33,G,625
YPL240C,0,2130,626,34,T,626
YPL240C,0,2130,627,35,C,627
YPL240C,0,2130,628,36,A,628
YPL240C,0,2130,629,37,C,629
YPL240C,0,2130,630,38,C,630
YPL240C,0,2130,631,39,A,631
YPL240C,0,2130,632,40,A,632
YPL240C,0,2130,633,41,G,633
YPL240C,0,2130,634,42,G,634
YPL240C,0,2130,635,43,A,635
YPL240C,0,2130,636,44,A,636
YPL240C,0,2130,637,45,G,637
YPL240C,0,2130,638,46,T,638
YPL240C,0,2130,639,47,T,639
YPL240C,0,2130,640,48,G,640
YPL240C,0,2130,641,49,A,641
YPL240C,0,2130,642,50,A,642
YPL240C,0,2130,643,51,A,643
YPL240C,0,2130,644,52,A,644
YPL240C,0,2130,645,53,G,645
YPL240C,0,2130,646,54,G,646
YPL240C,0,2130,647,55,A,647
YPL240C,0,2130,648,56,A,648
YPL240C,0,2130,649,57,G,649
YPL240C,0,2130,650,58,T,650
YPL240C,0,2130,651,59,T,651
YPL240C,0,2130,652,60,C,652
YPL240C,0,2130,653,60,C,653
YPL240C,0,2130,654,60,A,654
YPL240C,0,2130,655,60,A,655
YPL240C,0,2130,656,60,T,656
YPL240C,0,2130,657,60,T,657
YPL240C,0,2130,658,60,C,658
YPL240C,0,2130,659,60,C,659
YPL240C,0,2130,660,60,A,660
YPL240C,0,2130,661,60,G,661
YPL240C,0,2130,662,60,A,662
YPL240C,0,2130,663,60,A,663
YPL240C,0,2130,664,60,G,664
YPL240C,0,2130,665,60,A,665
YPL240C,0,2130,666,60,A,666
YPL240C,0,2130,667,60,G,667
YPL240C,0,2130,668,60,A,668
YPL240C,0,2130,669,60,A,669
YPL240C,0,2130,670,60,A,670
YPL240C,0,2130,671,59,A,671
YPL240C,0,2130,672,58,G,672
YPL240C,0,2130,673,57,A,673
YPL240C,0,2130,674,56,A,674
YPL240C,0,2130,675,55,A,675
YPL240C,0,2130,676,54,G,676
YPL240C,0,2130,677,53,A,677
YPL240C,0,2130,678,52,C,678
YPL240C,0,2130,679,51,G,679
YPL240C,0,2130,680,50,A,680
YPL240C,0,2130,681,49,G,681
YPL240C,0,2130,682,49,G,682
YPL240C,0,2130,683,49,A,683
YPL240C,0,2130,684,49,A,684
YPL240C,0,2130,685,48,A,685
YPL240C,0,2130,686,47,A,686
YPL240C,0,2130,687,46,G,687
YPL240C,0,2130,688,45,A,688
YPL240C,0,2130,689,44,A,689
YPL240C,0,2130,690,43,G,690
YPL240C,0,2130,691,43,G,691
YPL240C,0,2130,692,43,A,692
YPL240C,0,2130,693,43,T,693
YPL240C,0,2130,694,43,G,694
YPL240C,0,2130,695,43,A,695
YPL240C,0,2130,696,43,G,696
YPL240C,0,2130,697,43,G,697
YPL240C,0,2130,698,43,A,698
YPL240C,0,2130,699,43,A,699
YPL240C,0,2130,700,43,A,700
YPL240C,0,2130,701,44,A,701
YPL240C,0,2130,702,45,G,702
YPL240C,0,2130,703,46,A,703
YPL240C,0,2130,704,47,A,704
YPL240C,0,2130,705,48,G,705
YPL240C,0,2130,706,49,G,706
YPL240C,0,2130,707,50,A,707
YPL240C,0,2130,708,51,T,708
YPL240C,0,2130,709,52,G,709
YPL240C,0,2130,710,53,A,710
YPL240C,0,2130,711,54,A,711
YPL240C,0,2130,712,54,G,712
YPL240C,0,2130,713,54,A,713
YPL240C,0,2130,714,54,C,714
YPL240C,0,2130,715,55,G,715
YPL240C,0,2130,716,56,A,716
YPL240C,0,2130,717,57,C,717
YPL240C,0,2130,718,58,A,718
YPL240C,0,2130,719,59,A,719
YPL240C,0,2130,720,60,G,720
YPL240C,0,2130,721,60,A,721
YPL240C,0,2130,722,60,A,722
YPL240C,0,2130,723,60,A,723
YPL240C,0,2130,724,60,C,724
YPL240C,0,2130,725,60,C,725
YPL240C,0,2130,726,60,A,726
YPL240C,0,2130,727,60,A,727
YPL240C,0,2130,728,60,A,728
YPL240C,0,2130,729,60,A,729
YPL240C,0,2130,730,59,T,730
YPL240C,0,2130,731,58,T,731
YPL240C,0,2130,732,57,G,732
YPL240C,0,2130,733,56,G,733
YPL240C,0,2130,734,55,A,734
YPL240C,0,2130,735,54,A,735
YPL240C,0,2130,736,53,G,736
YPL240C,0,2130,737,52,A,737
YPL240C,0,2130,738,51,A,738
YPL240C,0,2130,739,50,G,739
YPL240C,0,2130,740,49,T,740
YPL240C,0,2130,741,48,C,741
YPL240C,0,2130,742,47,G,742
YPL240C,0,2130,743,46,A,743
YPL240C,0,2130,744,45,T,744
YPL240C,0,2130,745,44,G,745
YPL240C,0,2130,746,43,A,749
YPL240C,0,2130,747,42,A,750
YPL240C,0,2130,748,41,G,751
YPL240C,0,2130,749,40,A,752
YPL240C,0,2130,750,39,A,753
YPL240C,0,2130,751,38,G,754
YPL240C,0,2130,752,37,A,755
YPL240C,0,2130,753,36,G,756
YPL240C,0,2130,754,36,G,757
YPL240C,0,2130,755,36,A,758
YPL240C,0,2130,756,36,A,759
YPL240C,0,2130,757,36,A,760
YPL240C,0,2130,758,36,A,761
YPL240C,0,2130,759,36,G,762
YPL240C,0,2130,760,36,A,763
YPL240C,0,2130,761,36,A,764
YPL240C,0,2130,762,36,G,765
YPL240C,0,2130,763,36,C,766
YPL240C,0,2130,764,36,C,767
YPL240C,0,2130,765,36,A,768
YPL240C,0,2130,766,36,A,769
YPL240C,0,2130,767,36,A,770
YPL240C,0,2130,768,36,G,771
YPL240C,0,2130,769,36,A,772
YPL240C,0,2130,770,36,C,773
YPL240C,0,2130,771,36,G,774
YPL240C,0,2130,772,36,A,775
YPL240C,0,2130,773,36,A,776
YPL240C,0,2130,774,36,A,777
YPL240C,0,2130,775,36,A,778
YPL240C,0,2130,776,36,A,779
YPL240C,0,2130,777,36,A,780
YPL240C,0,2130,778,36,G,781
YPL240C,0,2130,779,36,T,782
YPL240C,0,2130,780,36,T,783
YPL240C,0,2130,781,36,A,784
YPL240C,0,2130,782,36,A,785
YPL240C,0,2130,783,36,A,786
YPL240C,0,2130,784,35,G,787
YPL240C,0,2130,785,34,A,788
YPL240C,0,2130,786,33,A,789
YPL240C,0,2130,787,32,G,790
YPL240C,0,2130,788,31,A,791
YPL240C,0,2130,789,30,A,792
YPL240C,0,2130,790,30,G,793
YPL240C,0,2130,791,30,T,794
YPL240C,0,2130,792,30,T,795
YPL240C,0,2130,793,30,C,796
YPL240C,0,2130,794,30,A,797
YPL240C,0,2130,795,30,A,798
YPL240C,0,2130,796,30,G,799
YPL240C,0,2130,797,30,A,800
YPL240C,0,2130,798,30,G,801
YPL240C,0,2130,799,30,A,802
YPL240C,0,2130,800,30,T,803
YPL240C,0,2130,801,30,A,804
YPL240C,0,2130,802,30,G,805
YPL240C,0,2130,803,30,A,806
YPL240C,0,2130,804,30,A,807
YPL240C,0,2130,805,30,G,808
YPL240C,0,2130,806,30,A,809
YPL240C,0,2130,807,30,A,810
YPL240C,0,2130,808,30,C,811
YPL240C,0,2130,809,30,T,812
YPL240C,0,2130,810,30,A,813
YPL240C,0,2130,811,31,A,814
YPL240C,0,2130,812,32,A,815
YPL240C,0,2130,813,33,C,816
YPL240C,0,2130,814,34,A,817
YPL240C,0,2130,815,35,A,818
YPL240C,0,2130,816,36,G,819
YPL240C,0,2130,817,37,A,820
YPL240C,0,2130,818,38,C,821
YPL240C,0,2130,819,39,T,822
YPL240C,0,2130,820,40,A,823
YPL240C,0,2130,821,41,A,824
YPL240C,0,2130,822,42,G,825
YPL240C,0,2130,823,43,C,826
YPL240C,0,2130,824,44,C,827
YPL240C,0,2130,825,45,T,828
YPL240C,0,2130,826,46,T,829
YPL240C,0,2130,827,47,T,830
YPL240C,0,2130,828,48,G,831
YPL240C,0,2130,829,49,T,832
YPL240C,0,2130,830,50,G,833
YPL240C,0,2130,831,51,G,834
YPL240C,0,2130,832,52,A,835
YPL240C,0,2130,833,53,C,836
YPL240C,0,2130,834,54,T,837
YPL240C,0,2130,835,55,A,838
YPL240C,0,2130,836,56,G,839
YPL240C,0,2130,837,57,A,840
YPL240C,0,2130,838,58,A,841
YPL240C,0,2130,839,59,A,842
YPL240C,0,2130,840,60,C,843
YPL240C,0,2130,841,60,C,844
YPL240C,0,2130,842,60,C,845
YPL240C,0,2130,843,60,A,846
YPL240C,0,2130,844,60,T,847
YPL240C,0,2130,845,60,C,848
YPL240C,0,2130,846,60,T,849
YPL240C,0,2130,847,60,G,850
YPL240C,0,2130,848,60,A,851
YPL240C,0,2130,849,60,T,852
YPL240C,0,2130,850,60,A,853
YPL240C,0,2130,851,60,T,854
YPL240C,0,2130,852,60,C,855
YPL240C,0,2130,853,60,A,856
YPL240C,0,2130,854,60,C,857
YPL240C,0,2130,855,60,T,858
YPL240C,0,2130,856,60,C,859
YPL240C,0,2130,857,60,A,860
YPL240C,0,2130,858,60,A,861
YPL240C,0,2130,859,60,G,862
YPL240C,0,2130,860,60,A,863
YPL240C,0,2130,861,60,A,864
YPL240C,0,2130,862,60,G,865
YPL240C,0,2130,863,60,A,866
YPL240C,0,2130,864,60,A,867
YPL240C,0,2130,865,60,T,868
YPL240C,0,2130,866,60,A,869
YPL240C,0,2130,867,60,C,870
YPL240C,0,2130,868,60,A,871
YPL240C,0,2130,869,60,A,872
YPL240C,0,2130,870,60,T,873
YPL240C,0,2130,871,60,G,874
YPL240C,0,2130,872,60,C,875
YPL240C,0,2130,873,60,T,876
YPL240C,0,2130,874,60,T,877
YPL240C,0,2130,875,60,T,878
YPL240C,0,2130,876,60,C,879
YPL240C,0,2130,877,60,T,880
YPL240C,0,2130,878,60,A,881
YPL240C,0,2130,879,60,T,882
YPL240C,0,2130,880,60,A,883
YPL240C,0,2130,881,60,A,884
YPL240C,0,2130,882,60,G,885
YPL240C,0,2130,883,60,T,886
YPL240C,0,2130,884,60,C,887
YPL240C,0,2130,885,60,T,888
YPL240C,0,2130,886,60,A,889
YPL240C,0,2130,887,60,T,890
YPL240C,0,2130,888,60,T,891
YPL240C,0,2130,889,60,T,892
YPL240C,0,2130,890,60,C,893
YPL240C,0,2130,891,60,A,894
YPL240C,0,2130,892,60,A,895
YPL240C,0,2130,893,60,A,896
YPL240C,0,2130,894,60,C,897
YPL240C,0,2130,895,60,G,898
YPL240C,0,2130,896,60,A,899
YPL240C,0,2130,897,60,C,900
YPL240C,0,2130,898,60,T,901
YPL240C,0,2130,899,60,G,902
YPL240C,0,2130,900,60,G,903
YPL240C,0,2130,901,60,G,904
YPL240C,0,2130,902,60,A,905
YPL240C,0,2130,903,60,A,906
YPL240C,0,2130,904,60,G,907
YPL240C,0,2130,905,60,A,908
YPL240C,0,2130,906,60,C,909
YPL240C,0,2130,907,60,C,910
YPL240C,0,2130,908,60,C,911
YPL240C,0,2130,909,60,A,912
YPL240C,0,2130,910,60,T,913
YPL240C,0,2130,911,60,T,914
YPL240C,0,2130,912,60,G,915
YPL240C,0,2130,913,60,T,916
YPL240C,0,2130,914,60,A,917
YPL240C,0,2130,915,60,C,918
YPL240C,0,2130,916,60,G,919
YPL240C,0,2130,917,60,T,920
YPL240C,0,2130,918,60,T,921
YPL240C,0,2130,919,60,A,922
YPL240C,0,2130,920,60,A,923
YPL240C,0,2130,921,60,G,924
YPL240C,0,2130,922,60,C,925
YPL240C,0,2130,923,60,A,926
YPL240C,0,2130,924,60,T,927
YPL240C,0,2130,925,60,T,928
YPL240C,0,2130,926,60,T,929
YPL240C,0,2130,927,60,C,930
YPL240C,0,2130,928,60,T,931
YPL240C,0,2130,929,60,C,932
YPL240C,0,2130,930,60,C,933
YPL240C,0,2130,931,60,G,934
YPL240C,0,2130,932,60,T,935
YPL240C,0,2130,933,60,T,936
YPL240C,0,2130,934,60,G,937
YPL240C,0,2130,935,60,A,938
YPL240C,0,2130,936,60,A,939
YPL240C,0,2130,937,60,G,940
YPL240C,0,2130,938,60,G,941
YPL240C,0,2130,939,60,T,942
YPL240C,0,2130,940,60,C,943
YPL240C,0,2130,941,60,A,944
YPL240C,0,2130,942,60,A,945
YPL240C,0,2130,943,60,T,946
YPL240C,0,2130,944,60,T,947
YPL240C,0,2130,945,60,G,948
YPL240C,0,2130,946,60,G,949
YPL240C,0,2130,947,60,A,950
YPL240C,0,2130,948,60,A,951
YPL240C,0,2130,949,60,T,952
YPL240C,0,2130,950,60,T,953
YPL240C,0,2130,951,60,T,954
YPL240C,0,2130,952,60,A,955
YPL240C,0,2130,953,60,G,956
YPL240C,0,2130,954,60,A,957
YPL240C,0,2130,955,60,G,958
YPL240C,0,2130,956,60,C,959
YPL240C,0,2130,957,60,T,960
YPL240C,0,2130,958,60,A,961
YPL240C,0,2130,959,60,T,962
YPL240C,0,2130,960,60,C,963
YPL240C,0,2130,961,60,T,964
YPL240C,0,2130,962,60,T,965
YPL240C,0,2130,963,60,A,966
YPL240C,0,2130,964,60,T,967
YPL240C,0,2130,965,60,T,968
YPL240C,0,2130,966,60,C,969
YPL240C,0,2130,967,60,A,970
YPL240C,0,2130,968,60,T,971
YPL240C,0,2130,969,60,T,972
YPL240C,0,2130,970,60,C,973
YPL240C,0,2130,971,60,C,974
YPL240C,0,2130,972,60,A,975
YPL240C,0,2130,973,60,A,976
YPL240C,0,2130,974,60,A,977
YPL240C,0,2130,975,60,G,978
YPL240C,0,2130,976,60,A,979
YPL240C,0,2130,977,60,G,980
YPL240C,0,2130,978,60,A,981
YPL240C,0,2130,979,60,G,982
YPL240C,0,2130,980,60,C,983
YPL240C,0,2130,981,60,A,984
YPL240C,0,2130,982,60,C,985
YPL240C,0,2130,983,60,C,986
YPL240C,0,2130,984,60,A,987
YPL240C,0,2130,985,60,T,988
YPL240C,0,2130,986,60,T,989
YPL240C,0,2130,987,60,C,990
YPL240C,0,2130,988,59,G,991
YPL240C,0,2130,989,58,A,992
YPL240C,0,2130,990,57,C,993
YPL240C,0,2130,991,56,T,994
YPL240C,0,2130,992,55,T,995
YPL240C,0,2130,993,54,G,996
YPL240C,0,2130,994,54,T,997
YPL240C,0,2130,995,54,T,998
YPL240C,0,2130,996,54,T,999
YPL240C,0,2130,997,54,G,1000
YPL240C,0,2130,998,54,A,1001
YPL240C,0,2130,999,54,G,1002
YPL240C,0,2130,1000,54,A,1003
YPL240C,0,2130,1001,54,G,1004
YPL240C,0,2130,1002,54,T,1005
YPL240C,0,2130,1003,54,A,1006
YPL240C,0,2130,1004,54,A,1007
YPL240C,0,2130,1005,54,A,1008
YPL240C,0,2130,1006,54,A,1009
YPL240C,0,2130,1007,54,A,1010
YPL240C,0,2130,1008,54,G,1011
YPL240C,0,2130,1009,54,A,1012
YPL240C,0,2130,1010,54,A,1013
YPL240C,0,2130,1011,54,G,1014
YPL240C,0,2130,1012,54,A,1015
YPL240C,0,2130,1013,54,A,1016
YPL240C,0,2130,1014,54,G,1017
YPL240C,0,2130,1015,54,A,1018
YPL240C,0,2130,1016,54,A,1019
YPL240C,0,2130,1017,54,T,1020
YPL240C,0,2130,1018,55,A,1021
YPL240C,0,2130,1019,56,A,1022
YPL240C,0,2130,1020,57,T,1023
YPL240C,0,2130,1021,58,A,1024
YPL240C,0,2130,1022,59,T,1025
YPL240C,0,2130,1023,60,C,1026
YPL240C,0,2130,1024,60,A,1027
YPL240C,0,2130,1025,60,A,1028
YPL240C,0,2130,1026,60,G,1029
YPL240C,0,2130,1027,60,T,1030
YPL240C,0,2130,1028,60,T,1031
YPL240C,0,2130,1029,60,G,1032
YPL240C,0,2130,1030,60,T,1033
YPL240C,0,2130,1031,60,A,1034
YPL240C,0,2130,1032,60,C,1035
YPL240C,0,2130,1033,60,G,1036
YPL240C,0,2130,1034,60,T,1037
YPL240C,0,2130,1035,60,T,1038
YPL240C,0,2130,1036,60,C,1039
YPL240C,0,2130,1037,60,G,1040
YPL240C,0,2130,1038,60,T,1041
YPL240C,0,2130,1039,60,C,1042
YPL240C,0,2130,1040,60,G,1043
YPL240C,0,2130,1041,60,T,1044
YPL240C,0,2130,1042,60,G,1045
YPL240C,0,2130,1043,60,T,1046
YPL240C,0,2130,1044,60,T,1047
YPL240C,0,2130,1045,60,T,1048
YPL240C,0,2130,1046,60,T,1049
YPL240C,0,2130,1047,60,C,1050
YPL240C,0,2130,1048,60,A,1051
YPL240C,0,2130,1049,60,T,1052
YPL240C,0,2130,1050,60,C,1053
YPL240C,0,2130,1051,60,A,1054
YPL240C,0,2130,1052,60,C,1055
YPL240C,0,2130,1053,60,T,1056
YPL240C,0,2130,1054,60,G,1057
YPL240C,0,2130,1055,60,A,1058
YPL240C,0,2130,1056,60,T,1059
YPL240C,0,2130,1057,60,G,1060
YPL240C,0,2130,1058,60,A,1061
YPL240C,0,2130,1059,60,A,1062
YPL240C,0,2130,1060,60,G,1063
YPL240C,0,2130,1061,60,C,1064
YPL240C,0,2130,1062,60,T,1065
YPL240C,0,2130,1063,60,G,1066
YPL240C,0,2130,1064,60,A,1067
YPL240C,0,2130,1065,60,A,1068
YPL240C,0,2130,1066,60,G,1069
YPL240C,0,2130,1067,60,A,1070
YPL240C,0,2130,1068,60,C,1071
YPL240C,0,2130,1069,60,T,1072
YPL240C,0,2130,1070,60,T,1073
YPL240C,0,2130,1071,60,G,1074
YPL240C,0,2130,1072,60,A,1075
YPL240C,0,2130,1073,60,T,1076
YPL240C,0,2130,1074,60,T,1077
YPL240C,0,2130,1075,60,C,1078
YPL240C,0,2130,1076,60,C,1079
YPL240C,0,2130,1077,60,A,1080
YPL240C,0,2130,1078,60,G,1081
YPL240C,0,2130,1079,60,A,1082
YPL240C,0,2130,1080,60,G,1083
YPL240C,0,2130,1081,60,T,1084
YPL240C,0,2130,1082,60,G,1085
YPL240C,0,2130,1083,60,G,1086
YPL240C,0,2130,1084,60,T,1087
YPL240C,0,2130,1085,60,T,1088
YPL240C,0,2130,1086,60,A,1089
YPL240C,0,2130,1087,60,T,1090
YPL240C,0,2130,1088,60,C,1091
YPL240C,0,2130,1089,60,T,1092
YPL240C,0,2130,1090,60,T,1093
YPL240C,0,2130,1091,60,T,1094
YPL240C,0,2130,1092,60,C,1095
YPL240C,0,2130,1093,60,G,1096
YPL240C,0,2130,1094,60,T,1097
YPL240C,0,2130,1095,60,C,1098
YPL240C,0,2130,1096,60,A,1099
YPL240C,0,2130,1097,60,A,1100
YPL240C,0,2130,1098,60,G,1101
YPL240C,0,2130,1099,60,G,1102
YPL240C,0,2130,1100,60,G,1103
YPL240C,0,2130,1101,60,T,1104
YPL240C,0,2130,1102,60,G,1105
YPL240C,0,2130,1103,60,T,1106
YPL240C,0,2130,1104,60,T,1107
YPL240C,0,2130,1105,60,G,1108
YPL240C,0,2130,1106,60,T,1109
YPL240C,0,2130,1107,60,T,1110
YPL240C,0,2130,1108,60,G,1111
YPL240C,0,2130,1109,60,A,1112
YPL240C,0,2130,1110,60,C,1113
YPL240C,0,2130,1111,60,T,1114
YPL240C,0,2130,1112,60,C,1115
YPL240C,0,2130,1113,60,T,1116
YPL240C,0,2130,1114,60,G,1117
YPL240C,0,2130,1115,60,A,1118
YPL240C,0,2130,1116,60,G,1119
YPL240C,0,2130,1117,60,G,1120
YPL240C,0,2130,1118,60,A,1121
YPL240C,0,2130,1119,60,T,1122
YPL240C,0,2130,1120,60,T,1123
YPL240C,0,2130,1121,60,T,1124
YPL240C,0,2130,1122,60,A,1125
YPL240C,0,2130,1123,60,C,1126
YPL240C,0,2130,1124,60,C,1127
YPL240C,0,2130,1125,60,A,1128
YPL240C,0,2130,1126,60,T,1129
YPL240C,0,2130,1127,60,T,1130
YPL240C,0,2130,1128,60,G,1131
YPL240C,0,2130,1129,60,A,1132
YPL240C,0,2130,1130,60,A,1133
YPL240C,0,2130,1131,60,T,1134
YPL240C,0,2130,1132,60,T,1135
YPL240C,0,2130,1133,60,T,1136
YPL240C,0,2130,1134,60,G,1137
YPL240C,0,2130,1135,60,T,1138
YPL240C,0,2130,1136,60,C,1139
YPL240C,0,2130,1137,60,C,1140
YPL240C,0,2130,1138,60,A,1141
YPL240C,0,2130,1139,60,G,1142
YPL240C,0,2130,1140,60,A,1143
YPL240C,0,2130,1141,60,G,1144
YPL240C,0,2130,1142,60,A,1145
YPL240C,0,2130,1143,60,A,1146
YPL240C,0,2130,1144,60,A,1147
YPL240C,0,2130,1145,60,T,1148
YPL240C,0,2130,1146,60,G,1149
YPL240C,0,2130,1147,60,T,1150
YPL240C,0,2130,1148,60,T,1151
YPL240C,0,2130,1149,60,A,1152
YPL240C,0,2130,1150,60,C,1153
YPL240C,0,2130,1151,60,A,1154
YPL240C,0,2130,1152,60,A,1155
YPL240C,0,2130,1153,60,C,1156
YPL240C,0,2130,1154,60,A,1157
YPL240C,0,2130,1155,60,A,1158
YPL240C,0,2130,1156,60,A,1159
YPL240C,0,2130,1157,60,A,1160
YPL240C,0,2130,1158,60,T,1161
YPL240C,0,2130,1159,60,A,1162
YPL240C,0,2130,1160,60,A,1163
YPL240C,0,2130,1161,60,G,1164
YPL240C,0,2130,1162,60,A,1165
YPL240C,0,2130,1163,60,T,1166
YPL240C,0,2130,1164,60,C,1167
YPL240C,0,2130,1165,60,A,1168
YPL240C,0,2130,1166,60,T,1169
YPL240C,0,2130,1167,60,G,1170
YPL240C,0,2130,1168,59,A,1171
YPL240C,0,2130,1169,58,A,1172
YPL240C,0,2130,1170,57,G,1173
YPL240C,0,2130,1171,56,G,1174
YPL240C,0,2130,1172,55,T,1175
YPL240C,0,2130,1173,54,T,1176
YPL240C,0,2130,1174,53,A,1177
YPL240C,0,2130,1175,52,T,1178
YPL240C,0,2130,1176,51,T,1179
YPL240C,0,2130,1177,50,A,1180
YPL240C,0,2130,1178,49,G,1181
YPL240C,0,2130,1179,48,A,1182
YPL240C,0,2130,1180,47,A,1183
YPL240C,0,2130,1181,46,A,1184
YPL240C,0,2130,1182,45,G,1185
YPL240C,0,2130,1183,44,A,1186
YPL240C,0,2130,1184,43,A,1187
YPL240C,0,2130,1185,42,C,1188
YPL240C,0,2130,1186,42,A,1189
YPL240C,0,2130,1187,42,T,1190
YPL240C,0,2130,1188,42,T,1191
YPL240C,0,2130,1189,42,G,1192
YPL240C,0,2130,1190,42,T,1193
YPL240C,0,2130,1191,42,C,1194
YPL240C,0,2130,1192,41,A,1195
YPL240C,0,2130,1193,40,A,1196
YPL240C,0,2130,1194,39,A,1197
YPL240C,0,2130,1195,39,A,1198
YPL240C,0,2130,1196,39,A,1199
YPL240C,0,2130,1197,39,G,1200
YPL240C,0,2130,1198,40,T,1201
YPL240C,0,2130,1199,41,T,1202
YPL240C,0,2130,1200,42,G,1203
YPL240C,0,2130,1201,43,A,1204
YPL240C,0,2130,1202,44,T,1205
YPL240C,0,2130,1203,45,T,1206
YPL240C,0,2130,1204,46,G,1207
YPL240C,0,2130,1205,47,A,1208
YPL240C,0,2130,1206,48,A,1209
YPL240C,0,2130,1207,48,G,1210
YPL240C,0,2130,1208,48,C,1211
YPL240C,0,2130,1209,48,C,1212
YPL240C,0,2130,1210,48,T,1213
YPL240C,0,2130,1211,48,T,1214
YPL240C,0,2130,1212,48,C,1215
YPL240C,0,2130,1213,48,A,1216
YPL240C,0,2130,1214,48,A,1217
YPL240C,0,2130,1215,48,C,1218
YPL240C,0,2130,1216,47,G,1219
YPL240C,0,2130,1217,46,A,1220
YPL240C,0,2130,1218,45,A,1221
YPL240C,0,2130,1219,44,A,1222
YPL240C,0,2130,1220,43,T,1223
YPL240C,0,2130,1221,42,T,1224
YPL240C,0,2130,1222,42,G,1225
YPL240C,0,2130,1223,42,C,1226
YPL240C,0,2130,1224,42,T,1227
YPL240C,0,2130,1225,41,G,1228
YPL240C,0,2130,1226,40,A,1229
YPL240C,0,2130,1227,39,A,1230
YPL240C,0,2130,1228,38,G,1231
YPL240C,0,2130,1229,37,A,1232
YPL240C,0,2130,1230,36,C,1233
YPL240C,0,2130,1231,35,T,1234
YPL240C,0,2130,1232,34,C,1235
YPL240C,0,2130,1233,33,T,1236
YPL240C,0,2130,1234,32,G,1237
YPL240C,0,2130,1235,31,A,1238
YPL240C,0,2130,1236,30,A,1239
YPL240C,0,2130,1237,30,C,1240
YPL240C,0,2130,1238,30,A,1241
YPL240C,0,2130,1239,30,A,1242
YPL240C,0,2130,1240,30,T,1243
YPL240C,0,2130,1241,30,T,1244
YPL240C,0,2130,1242,30,T,1245
YPL240C,0,2130,1243,30,G,1246
YPL240C,0,2130,1244,30,A,1247
YPL240C,0,2130,1245,30,A,1248
YPL240C,0,2130,1246,30,A,1249
YPL240C,0,2130,1247,30,A,1250
YPL240C,0,2130,1248,30,G,1251
YPL240C,0,2130,1249,30,T,1252
YPL240C,0,2130,1250,30,T,1253
YPL240C,0,2130,1251,30,C,1254
YPL240C,0,2130,1252,30,T,1255
YPL240C,0,2130,1253,30,A,1256
YPL240C,0,2130,1254,30,C,1257
YPL240C,0,2130,1255,30,T,1258
YPL240C,0,2130,1256,30,C,1259
YPL240C,0,2130,1257,30,G,1260
YPL240C,0,2130,1258,30,G,1261
YPL240C,0,2130,1259,30,C,1262
YPL240C,0,2130,1260,30,T,1263
YPL240C,0,2130,1261,30,T,1264
YPL240C,0,2130,1262,30,T,1265
YPL240C,0,2130,1263,30,C,1266
YPL240C,0,2130,1264,30,T,1267
YPL240C,0,2130,1265,30,C,1268
YPL240C,0,2130,1266,30,C,1269
YPL240C,0,2130,1267,30,A,1270
YPL240C,0,2130,1268,30,A,1271
YPL240C,0,2130,1269,30,A,1272
YPL240C,0,2130,1270,30,A,1273
YPL240C,0,2130,1271,30,A,1274
YPL240C,0,2130,1272,30,T,1275
YPL240C,0,2130,1273,30,A,1276
YPL240C,0,2130,1274,30,T,1277
YPL240C,0,2130,1275,30,C,1278
YPL240C,0,2130,1276,30,A,1279
YPL240C,0,2130,1277,30,A,1280
YPL240C,0,2130,1278,30,G,1281
YPL240C,0,2130,1279,30,T,1282
YPL240C,0,2130,1280,30,T,1283
YPL240C,0,2130,1281,30,G,1284
YPL240C,0,2130,1282,30,G,1285
YPL240C,0,2130,1283,30,G,1286
YPL240C,0,2130,1284,30,T,1287
YPL240C,0,2130,1285,30,G,1288
YPL240C,0,2130,1286,30,T,1289
YPL240C,0,2130,1287,30,A,1290
YPL240C,0,2130,1288,30,C,1291
YPL240C,0,2130,1289,30,A,1292
YPL240C,0,2130,1290,30,T,1293
YPL240C,0,2130,1291,30,G,1294
YPL240C,0,2130,1292,30,A,1295
YPL240C,0,2130,1293,30,A,1296
YPL240C,0,2130,1294,30,G,1297
YPL240C,0,2130,1295,30,A,1298
YPL240C,0,2130,1296,30,T,1299
YPL240C,0,2130,1297,30,A,1300
YPL240C,0,2130,1298,30,C,1301
YPL240C,0,2130,1299,30,C,1302
YPL240C,0,2130,1300,30,C,1303
YPL240C,0,2130,1301,30,A,1304
YPL240C,0,2130,1302,30,A,1305
YPL240C,0,2130,1303,30,A,1306
YPL240C,0,2130,1304,30,A,1307
YPL240C,0,2130,1305,30,C,1308
YPL240C,0,2130,1306,30,A,1309
YPL240C,0,2130,1307,30,G,1310
YPL240C,0,2130,1308,30,G,1311
YPL240C,0,2130,1309,30,G,1312
YPL240C,0,2130,1310,30,C,1313
YPL240C,0,2130,1311,30,T,1314
YPL240C,0,2130,1312,30,G,1315
YPL240C,0,2130,1313,30,C,1316
YPL240C,0,2130,1314,30,T,1317
YPL240C,0,2130,1315,30,T,1318
YPL240C,0,2130,1316,30,T,1319
YPL240C,0,2130,1317,30,G,1320
YPL240C,0,2130,1318,30,G,1321
YPL240C,0,2130,1319,30,C,1322
YPL240C,0,2130,1320,30,T,1323
YPL240C,0,2130,1321,30,A,1324
YPL240C,0,2130,1322,30,A,1325
YPL240C,0,2130,1323,30,G,1326
YPL240C,0,2130,1324,30,T,1327
YPL240C,0,2130,1325,30,T,1328
YPL240C,0,2130,1326,30,G,1329
YPL240C,0,2130,1327,30,T,1330
YPL240C,0,2130,1328,30,T,1331
YPL240C,0,2130,1329,30,A,1332
YPL240C,0,2130,1330,30,C,1333
YPL240C,0,2130,1331,30,G,1334
YPL240C,0,2130,1332,30,T,1335
YPL240C,0,2130,1333,30,T,1336
YPL240C,0,2130,1334,30,A,1337
YPL240C,0,2130,1335,30,C,1338
YPL240C,0,2130,1336,30,A,1339
YPL240C,0,2130,1337,30,A,1340
YPL240C,0,2130,1338,30,C,1341
YPL240C,0,2130,1339,30,T,1342
YPL240C,0,2130,1340,30,C,1343
YPL240C,0,2130,1341,30,T,1344
YPL240C,0,2130,1342,30,A,1345
YPL240C,0,2130,1343,30,C,1346
YPL240C,0,2130,1344,30,C,1347
YPL240C,0,2130,1345,30,A,1348
YPL240C,0,2130,1346,30,A,1349
YPL240C,0,2130,1347,30,G,1350
YPL240C,0,2130,1348,30,T,1351
YPL240C,0,2130,1349,30,C,1352
YPL240C,0,2130,1350,30,C,1353
YPL240C,0,2130,1351,30,G,1354
YPL240C,0,2130,1352,30,T,1355
YPL240C,0,2130,1353,30,A,1356
YPL240C,0,2130,1354,31,G,1357
YPL240C,0,2130,1355,32,A,1358
YPL240C,0,2130,1356,33,T,1359
YPL240C,0,2130,1357,33,G,1360
YPL240C,0,2130,1358,33,A,1361
YPL240C,0,2130,1359,33,G,1362
YPL240C,0,2130,1360,34,T,1363
YPL240C,0,2130,1361,35,T,1364
YPL240C,0,2130,1362,36,G,1365
YPL240C,0,2130,1363,37,A,1366
YPL240C,0,2130,1364,38,C,1367
YPL240C,0,2130,1365,39,T,1368
YPL240C,0,2130,1366,40,T,1369
YPL240C,0,2130,1367,41,C,1370
YPL240C,0,2130,1368,42,C,1371
YPL240C,0,2130,1369,43,T,1372
YPL240C,0,2130,1370,44,T,1373
YPL240C,0,2130,1371,45,A,1374
YPL240C,0,2130,1372,46,A,1375
YPL240C,0,2130,1373,47,C,1376
YPL240C,0,2130,1374,48,T,1377
YPL240C,0,2130,1375,49,G,1378
YPL240C,0,2130,1376,50,A,1379
YPL240C,0,2130,1377,51,T,1380
YPL240C,0,2130,1378,52,T,1381
YPL240C,0,2130,1379,53,A,1382
YPL240C,0,2130,1380,54,C,1383
YPL240C,0,2130,1381,55,G,1384
YPL240C,0,2130,1382,56,T,1385
YPL240C,0,2130,1383,57,T,1386
YPL240C,0,2130,1384,57,A,1387
YPL240C,0,2130,1385,57,C,1388
YPL240C,0,2130,1386,57,C,1389
YPL240C,0,2130,1387,58,A,1390
YPL240C,0,2130,1388,59,G,1391
YPL240C,0,2130,1389,60,A,1392
YPL240C,0,2130,1390,60,A,1393
YPL240C,0,2130,1391,60,T,1394
YPL240C,0,2130,1392,60,G,1395
YPL240C,0,2130,1393,60,C,1396
YPL240C,0,2130,1394,60,C,1397
YPL240C,0,2130,1395,60,A,1398
YPL240C,0,2130,1396,60,G,1399
YPL240C,0,2130,1397,60,A,1400
YPL240C,0,2130,1398,60,A,1401
YPL240C,0,2130,1399,60,C,1402
YPL240C,0,2130,1400,60,A,1403
YPL240C,0,2130,1401,60,C,1404
YPL240C,0,2130,1402,60,C,1405
YPL240C,0,2130,1403,60,A,1406
YPL240C,0,2130,1404,60,A,1407
YPL240C,0,2130,1405,60,A,1408
YPL240C,0,2130,1406,60,A,1409
YPL240C,0,2130,1407,60,G,1410
YPL240C,0,2130,1408,60,A,1411
YPL240C,0,2130,1409,60,A,1412
YPL240C,0,2130,1410,60,C,1413
YPL240C,0,2130,1411,60,A,1414
YPL240C,0,2130,1412,60,T,1415
YPL240C,0,2130,1413,60,C,1416
YPL240C,0,2130,1414,59,T,1417
YPL240C,0,2130,1415,58,A,1418
YPL240C,0,2130,1416,57,C,1419
YPL240C,0,2130,1417,57,T,1420
YPL240C,0,2130,1418,57,A,1421
YPL240C,0,2130,1419,57,C,1422
YPL240C,0,2130,1420,57,A,1423
YPL240C,0,2130,1421,57,T,1424
YPL240C,0,2130,1422,57,C,1425
YPL240C,0,2130,1423,57,A,1426
YPL240C,0,2130,1424,57,C,1427
YPL240C,0,2130,1425,57,T,1428
YPL240C,0,2130,1426,57,G,1429
YPL240C,0,2130,1427,57,G,1430
YPL240C,0,2130,1428,57,T,1431
YPL240C,0,2130,1429,57,G,1432
YPL240C,0,2130,1430,57,A,1433
YPL240C,0,2130,1431,57,A,1434
YPL240C,0,2130,1432,57,T,1435
YPL240C,0,2130,1433,57,C,1436
YPL240C,0,2130,1434,57,T,1437
YPL240C,0,2130,1435,57,C,1438
YPL240C,0,2130,1436,57,T,1439
YPL240C,0,2130,1437,57,A,1440
YPL240C,0,2130,1438,56,A,1441
YPL240C,0,2130,1439,55,A,1442
YPL240C,0,2130,1440,54,G,1443
YPL240C,0,2130,1441,53,G,1444
YPL240C,0,2130,1442,52,C,1445
YPL240C,0,2130,1443,51,T,1446
YPL240C,0,2130,1444,52,G,1447
YPL240C,0,2130,1445,53,T,1448
YPL240C,0,2130,1446,54,C,1449
YPL240C,0,2130,1447,54,G,1450
YPL240C,0,2130,1448,54,A,1451
YPL240C,0,2130,1449,54,A,1452
YPL240C,0,2130,1450,54,A,1453
YPL240C,0,2130,1451,54,A,1454
YPL240C,0,2130,1452,54,G,1455
YPL240C,0,2130,1453,53,T,1456
YPL240C,0,2130,1454,52,C,1457
YPL240C,0,2130,1455,51,T,1458
YPL240C,0,2130,1456,50,C,1459
YPL240C,0,2130,1457,49,C,1460
YPL240C,0,2130,1458,48,A,1461
YPL240C,0,2130,1459,47,T,1462
YPL240C,0,2130,1460,46,T,1463
YPL240C,0,2130,1461,45,T,1464
YPL240C,0,2130,1462,44,T,1465
YPL240C,0,2130,1463,43,T,1466
YPL240C,0,2130,1464,42,G,1467
YPL240C,0,2130,1465,41,G,1468
YPL240C,0,2130,1466,40,A,1469
YPL240C,0,2130,1467,39,T,1470
YPL240C,0,2130,1468,39,G,1471
YPL240C,0,2130,1469,39,C,1472
YPL240C,0,2130,1470,39,C,1473
YPL240C,0,2130,1471,39,T,1474
YPL240C,0,2130,1472,39,T,1475
YPL240C,0,2130,1473,39,G,1476
YPL240C,0,2130,1474,38,A,1477
YPL240C,0,2130,1475,37,A,1478
YPL240C,0,2130,1476,36,G,1479
YPL240C,0,2130,1477,35,G,1480
YPL240C,0,2130,1478,34,C,1481
YPL240C,0,2130,1479,33,T,1482
YPL240C,0,2130,1480,32,A,1483
YPL240C,0,2130,1481,31,A,1484
YPL240C,0,2130,1482,30,A,1485
YPL240C,0,2130,1483,31,A,1486
YPL240C,0,2130,1484,32,A,1487
YPL240C,0,2130,1485,33,C,1488
YPL240C,0,2130,1486,34,T,1489
YPL240C,0,2130,1487,35,T,1490
YPL240C,0,2130,1488,36,C,1491
YPL240C,0,2130,1489,37,G,1492
YPL240C,0,2130,1490,38,A,1493
YPL240C,0,2130,1491,39,G,1494
YPL240C,0,2130,1492,40,G,1495
YPL240C,0,2130,1493,41,T,1496
YPL240C,0,2130,1494,42,T,1497
YPL240C,0,2130,1495,43,T,1498
YPL240C,0,2130,1496,44,T,1499
YPL240C,0,2130,1497,45,G,1500
YPL240C,0,2130,1498,46,T,1501
YPL240C,0,2130,1499,47,T,1502
YPL240C,0,2130,1500,48,C,1503
YPL240C,0,2130,1501,49,T,1504
YPL240C,0,2130,1502,50,T,1505
YPL240C,0,2130,1503,51,G,1506
YPL240C,0,2130,1504,52,A,1507
YPL240C,0,2130,1505,53,C,1508
YPL240C,0,2130,1506,54,C,1509
YPL240C,0,2130,1507,55,G,1510
YPL240C,0,2130,1508,56,A,1511
YPL240C,0,2130,1509,57,C,1512
YPL240C,0,2130,1510,58,C,1513
YPL240C,0,2130,1511,59,C,1514
YPL240C,0,2130,1512,60,A,1515
YPL240C,0,2130,1513,60,A,1516
YPL240C,0,2130,1514,60,T,1517
YPL240C,0,2130,1515,60,T,1518
YPL240C,0,2130,1516,60,G,1519
YPL240C,0,2130,1517,60,A,1520
YPL240C,0,2130,1518,60,T,1521
YPL240C,0,2130,1519,60,G,1522
YPL240C,0,2130,1520,60,A,1523
YPL240C,0,2130,1521,60,A,1524
YPL240C,0,2130,1522,60,T,1525
YPL240C,0,2130,1523,60,A,1526
YPL240C,0,2130,1524,60,C,1527
YPL240C,0,2130,1525,60,G,1528
YPL240C,0,2130,1526,60,C,1529
YPL240C,0,2130,1527,60,C,1530
YPL240C,0,2130,1528,60,T,1531
YPL240C,0,2130,1529,60,T,1532
YPL240C,0,2130,1530,60,C,1533
YPL240C,0,2130,1531,60,A,1534
YPL240C,0,2130,1532,60,C,1535
YPL240C,0,2130,1533,60,T,1536
YPL240C,0,2130,1534,60,C,1537
YPL240C,0,2130,1535,60,A,1538
YPL240C,0,2130,1536,60,A,1539
YPL240C,0,2130,1537,60,T,1540
YPL240C,0,2130,1538,60,T,1541
YPL240C,0,2130,1539,60,G,1542
YPL240C,0,2130,1540,60,A,1543
YPL240C,0,2130,1541,60,A,1544
YPL240C,0,2130,1542,60,G,1545
YPL240C,0,2130,1543,60,G,1546
YPL240C,0,2130,1544,60,A,1547
YPL240C,0,2130,1545,60,A,1548
YPL240C,0,2130,1546,60,T,1549
YPL240C,0,2130,1547,60,T,1550
YPL240C,0,2130,1548,60,C,1551
YPL240C,0,2130,1549,60,G,1552
YPL240C,0,2130,1550,60,A,1553
YPL240C,0,2130,1551,60,A,1554
YPL240C,0,2130,1552,60,G,1555
YPL240C,0,2130,1553,60,G,1556
YPL240C,0,2130,1554,60,T,1557
YPL240C,0,2130,1555,60,A,1558
YPL240C,0,2130,1556,60,A,1559
YPL240C,0,2130,1557,60,A,1560
YPL240C,0,2130,1558,60,A,1561
YPL240C,0,2130,1559,60,C,1562
YPL240C,0,2130,1560,60,T,1563
YPL240C,0,2130,1561,60,T,1564
YPL240C,0,2130,1562,60,T,1565
YPL240C,0,2130,1563,60,G,1566
YPL240C,0,2130,1564,60,G,1567
YPL240C,0,2130,1565,60,T,1568
YPL240C,0,2130,1566,60,T,1569
YPL240C,0,2130,1567,60,G,1570
YPL240C,0,2130,1568,60,A,1571
YPL240C,0,2130,1569,60,C,1572
YPL240C,0,2130,1570,60,A,1573
YPL240C,0,2130,1571,60,T,1574
YPL240C,0,2130,1572,60,T,1575
YPL240C,0,2130,1573,60,A,1576
YPL240C,0,2130,1574,60,C,1577
YPL240C,0,2130,1575,60,T,1578
YPL240C,0,2130,1576,60,A,1579
YPL240C,0,2130,1577,60,A,1580
YPL240C,0,2130,1578,60,A,1581
YPL240C,0,2130,1579,60,G,1582
YPL240C,0,2130,1580,60,A,1583
YPL240C,0,2130,1581,60,T,1584
YPL240C,0,2130,1582,60,T,1585
YPL240C,0,2130,1583,60,T,1586
YPL240C,0,2130,1584,60,C,1587
YPL240C,0,2130,1585,60,G,1588
YPL240C,0,2130,1586,60,A,1589
YPL240C,0,2130,1587,60,A,1590
YPL240C,0,2130,1588,60,T,1591
YPL240C,0,2130,1589,60,T,1592
YPL240C,0,2130,1590,60,G,1593
YPL240C,0,2130,1591,60,G,1594
YPL240C,0,2130,1592,60,A,1595
YPL240C,0,2130,1593,60,A,1596
YPL240C,0,2130,1594,60,G,1597
YPL240C,0,2130,1595,60,A,1598
YPL240C,0,2130,1596,60,A,1599
YPL240C,0,2130,1597,60,A,1600
YPL240C,0,2130,1598,60,C,1601
YPL240C,0,2130,1599,60,T,1602
YPL240C,0,2130,1600,60,G,1603
YPL240C,0,2130,1601,60,A,1604
YPL240C,0,2130,1602,60,C,1605
YPL240C,0,2130,1603,60,G,1606
YPL240C,0,2130,1604,60,A,1607
YPL240C,0,2130,1605,60,A,1608
YPL240C,0,2130,1606,60,G,1609
YPL240C,0,2130,1607,60,A,1610
YPL240C,0,2130,1608,60,A,1611
YPL240C,0,2130,1609,60,A,1612
YPL240C,0,2130,1610,60,A,1613
YPL240C,0,2130,1611,60,A,1614
YPL240C,0,2130,1612,60,G,1615
YPL240C,0,2130,1613,60,C,1616
YPL240C,0,2130,1614,60,T,1617
YPL240C,0,2130,1615,60,G,1618
YPL240C,0,2130,1616,60,A,1619
YPL240C,0,2130,1617,60,A,1620
YPL240C,0,2130,1618,60,A,1621
YPL240C,0,2130,1619,60,G,1622
YPL240C,0,2130,1620,60,A,1623
YPL240C,0,2130,1621,60,G,1624
YPL240C,0,2130,1622,60,A,1625
YPL240C,0,2130,1623,60,G,1626
YPL240C,0,2130,1624,60,A,1627
YPL240C,0,2130,1625,60,A,1628
YPL240C,0,2130,1626,60,G,1629
YPL240C,0,2130,1627,60,G,1630
YPL240C,0,2130,1628,60,A,1631
YPL240C,0,2130,1629,60,G,1632
YPL240C,0,2130,1630,60,A,1633
YPL240C,0,2130,1631,60,T,1634
YPL240C,0,2130,1632,60,C,1635
YPL240C,0,2130,1633,60,A,1636
YPL240C,0,2130,1634,60,A,1637
YPL240C,0,2130,1635,60,A,1638
YPL240C,0,2130,1636,60,G,1639
YPL240C,0,2130,1637,60,A,1640
YPL240C,0,2130,1638,60,A,1641
YPL240C,0,2130,1639,59,T,1642
YPL240C,0,2130,1640,58,A,1643
YPL240C,0,2130,1641,57,T,1644
YPL240C,0,2130,1642,56,G,1645
YPL240C,0,2130,1643,55,A,1646
YPL240C,0,2130,1644,54,A,1647
YPL240C,0,2130,1645,53,C,1648
YPL240C,0,2130,1646,52,C,1649
YPL240C,0,2130,1647,51,A,1650
YPL240C,0,2130,1648,50,T,1651
YPL240C,0,2130,1649,49,T,1652
YPL240C,0,2130,1650,48,G,1653
YPL240C,0,2130,1651,47,A,1654
YPL240C,0,2130,1652,46,C,1655
YPL240C,0,2130,1653,45,C,1656
YPL240C,0,2130,1654,44,A,1657
YPL240C,0,2130,1655,43,A,1658
YPL240C,0,2130,1656,42,G,1659
YPL240C,0,2130,1657,41,G,1660
YPL240C,0,2130,1658,40,C,1661
YPL240C,0,2130,1659,39,C,1662
YPL240C,0,2130,1660,38,T,1663
YPL240C,0,2130,1661,37,T,1664
YPL240C,0,2130,1662,36,G,1665
YPL240C,0,2130,1663,35,A,1666
YPL240C,0,2130,1664,34,A,1667
YPL240C,0,2130,1665,33,A,1668
YPL240C,0,2130,1666,32,G,1669
YPL240C,0,2130,1667,31,A,1670
YPL240C,0,2130,1668,30,A,1671
YPL240C,0,2130,1669,31,A,1672
YPL240C,0,2130,1670,32,T,1673
YPL240C,0,2130,1671,33,T,1674
YPL240C,0,2130,1672,34,T,1675
YPL240C,0,2130,1673,35,T,1676
YPL240C,0,2130,1674,36,G,1677
YPL240C,0,2130,1675,37,G,1678
YPL240C,0,2130,1676,38,G,1679
YPL240C,0,2130,1677,39,T,1680
YPL240C,0,2130,1678,40,G,1681
YPL240C,0,2130,1679,41,A,1682
YPL240C,0,2130,1680,42,C,1683
YPL240C,0,2130,1681,43,C,1684
YPL240C,0,2130,1682,44,A,1685
YPL240C,0,2130,1683,45,A,1686
YPL240C,0,2130,1684,46,G,1687
YPL240C,0,2130,1685,47,T,1688
YPL240C,0,2130,1686,48,G,1689
YPL240C,0,2130,1687,48,G,1690
YPL240C,0,2130,1688,48,A,1691
YPL240C,0,2130,1689,48,G,1692
YPL240C,0,2130,1690,48,A,1693
YPL240C,0,2130,1691,48,A,1694
YPL240C,0,2130,1692,48,A,1695
YPL240C,0,2130,1693,48,G,1696
YPL240C,0,2130,1694,48,T,1697
YPL240C,0,2130,1695,48,T,1698
YPL240C,0,2130,1696,48,G,1699
YPL240C,0,2130,1697,48,T,1700
YPL240C,0,2130,1698,48,T,1701
YPL240C,0,2130,1699,47,G,1702
YPL240C,0,2130,1700,46,T,1703
YPL240C,0,2130,1701,45,T,1704
YPL240C,0,2130,1702,44,T,1705
YPL240C,0,2130,1703,43,C,1706
YPL240C,0,2130,1704,42,T,1707
YPL240C,0,2130,1705,41,T,1708
YPL240C,0,2130,1706,40,A,1709
YPL240C,0,2130,1707,39,C,1710
YPL240C,0,2130,1708,38,A,1711
YPL240C,0,2130,1709,37,A,1712
YPL240C,0,2130,1710,36,A,1713
YPL240C,0,2130,1711,35,T,1714
YPL240C,0,2130,1712,34,T,1715
YPL240C,0,2130,1713,33,G,1716
YPL240C,0,2130,1714,32,T,1717
YPL240C,0,2130,1715,31,T,1718
YPL240C,0,2130,1716,30,G,1719
YPL240C,0,2130,1717,31,G,1720
YPL240C,0,2130,1718,32,A,1721
YPL240C,0,2130,1719,33,T,1722
YPL240C,0,2130,1720,33,G,1723
YPL240C,0,2130,1721,33,C,1724
YPL240C,0,2130,1722,33,C,1725
YPL240C,0,2130,1723,33,C,1726
YPL240C,0,2130,1724,33,C,1727
YPL240C,0,2130,1725,33,A,1728
YPL240C,0,2130,1726,33,G,1729
YPL240C,0,2130,1727,33,C,1730
YPL240C,0,2130,1728,33,T,1731
YPL240C,0,2130,1729,33,G,1732
YPL240C,0,2130,1730,33,C,1733
YPL240C,0,2130,1731,33,T,1734
YPL240C,0,2130,1732,34,A,1735
YPL240C,0,2130,1733,35,T,1736
YPL240C,0,2130,1734,36,C,1737
YPL240C,0,2130,1735,37,A,1738
YPL240C,0,2130,1736,38,G,1739
YPL240C,0,2130,1737,39,A,1740
YPL240C,0,2130,1738,40,A,1741
YPL240C,0,2130,1739,41,C,1742
YPL240C,0,2130,1740,42,T,1743
YPL240C,0,2130,1741,43,G,1744
YPL240C,0,2130,1742,44,G,1745
YPL240C,0,2130,1743,45,T,1746
YPL240C,0,2130,1744,46,C,1747
YPL240C,0,2130,1745,47,A,1748
YPL240C,0,2130,1746,48,A,1749
YPL240C,0,2130,1747,48,T,1750
YPL240C,0,2130,1748,48,T,1751
YPL240C,0,2130,1749,48,T,1752
YPL240C,0,2130,1750,49,G,1753
YPL240C,0,2130,1751,50,G,1754
YPL240C,0,2130,1752,51,T,1755
YPL240C,0,2130,1753,52,T,1756
YPL240C,0,2130,1754,53,G,1757
YPL240C,0,2130,1755,54,G,1758
YPL240C,0,2130,1756,55,T,1759
YPL240C,0,2130,1757,56,C,1760
YPL240C,0,2130,1758,57,T,1761
YPL240C,0,2130,1759,58,G,1762
YPL240C,0,2130,1760,59,C,1763
YPL240C,0,2130,1761,60,T,1764
YPL240C,0,2130,1762,60,A,1765
YPL240C,0,2130,1763,60,A,1766
YPL240C,0,2130,1764,60,C,1767
YPL240C,0,2130,1765,60,A,1768
YPL240C,0,2130,1766,60,T,1769
YPL240C,0,2130,1767,60,G,1770
YPL240C,0,2130,1768,60,G,1771
YPL240C,0,2130,1769,60,A,1772
YPL240C,0,2130,1770,60,A,1773
YPL240C,0,2130,1771,60,A,1774
YPL240C,0,2130,1772,60,G,1775
YPL240C,0,2130,1773,60,A,1776
YPL240C,0,2130,1774,60,A,1777
YPL240C,0,2130,1775,60,T,1778
YPL240C,0,2130,1776,60,C,1779
YPL240C,0,2130,1777,60,A,1780
YPL240C,0,2130,1778,60,T,1781
YPL240C,0,2130,1779,60,G,1782
YPL240C,0,2130,1780,60,A,1783
YPL240C,0,2130,1781,60,A,1784
YPL240C,0,2130,1782,60,G,1785
YPL240C,0,2130,1783,60,G,1786
YPL240C,0,2130,1784,60,C,1787
YPL240C,0,2130,1785,60,T,1788
YPL240C,0,2130,1786,60,C,1789
YPL240C,0,2130,1787,60,A,1790
YPL240C,0,2130,1788,60,A,1791
YPL240C,0,2130,1789,60,G,1792
YPL240C,0,2130,1790,60,C,1793
YPL240C,0,2130,1791,60,C,1794
YPL240C,0,2130,1792,60,T,1795
YPL240C,0,2130,1793,60,T,1796
YPL240C,0,2130,1794,60,G,1797
YPL240C,0,2130,1795,60,A,1798
YPL240C,0,2130,1796,60,G,1799
YPL240C,0,2130,1797,60,A,1800
YPL240C,0,2130,1798,60,G,1801
YPL240C,0,2130,1799,60,A,1802
YPL240C,0,2130,1800,60,C,1803
YPL240C,0,2130,1801,60,T,1804
YPL240C,0,2130,1802,60,C,1805
YPL240C,0,2130,1803,60,T,1806
YPL240C,0,2130,1804,60,T,1807
YPL240C,0,2130,1805,60,C,1808
YPL240C,0,2130,1806,60,C,1809
YPL240C,0,2130,1807,60,A,1810
YPL240C,0,2130,1808,60,T,1811
YPL240C,0,2130,1809,60,G,1812
YPL240C,0,2130,1810,60,T,1813
YPL240C,0,2130,1811,60,C,1814
YPL240C,0,2130,1812,60,C,1815
YPL240C,0,2130,1813,60,T,1816
YPL240C,0,2130,1814,60,C,1817
YPL240C,0,2130,1815,60,C,1818
YPL240C,0,2130,1816,60,T,1819
YPL240C,0,2130,1817,60,A,1820
YPL240C,0,2130,1818,60,C,1821
YPL240C,0,2130,1819,60,A,1822
YPL240C,0,2130,1820,60,T,1823
YPL240C,0,2130,1821,60,G,1824
YPL240C,0,2130,1822,60,T,1825
YPL240C,0,2130,1823,60,C,1826
YPL240C,0,2130,1824,60,T,1827
YPL240C,0,2130,1825,60,T,1828
YPL240C,0,2130,1826,60,C,1829
YPL240C,0,2130,1827,60,C,1830
YPL240C,0,2130,1828,60,A,1831
YPL240C,0,2130,1829,60,A,1832
YPL240C,0,2130,1830,60,G,1833
YPL240C,0,2130,1831,60,A,1834
YPL240C,0,2130,1832,60,A,1835
YPL240C,0,2130,1833,60,G,1836
YPL240C,0,2130,1834,60,A,1837
YPL240C,0,2130,1835,60,C,1838
YPL240C,0,2130,1836,60,T,1839
YPL240C,0,2130,1837,60,T,1840
YPL240C,0,2130,1838,60,T,1841
YPL240C,0,2130,1839,60,C,1842
YPL240C,0,2130,1840,60,G,1843
YPL240C,0,2130,1841,60,A,1844
YPL240C,0,2130,1842,60,A,1845
YPL240C,0,2130,1843,60,A,1846
YPL240C,0,2130,1844,60,T,1847
YPL240C,0,2130,1845,60,T,1848
YPL240C,0,2130,1846,60,T,1849
YPL240C,0,2130,1847,60,C,1850
YPL240C,0,2130,1848,60,T,1851
YPL240C,0,2130,1849,60,C,1852
YPL240C,0,2130,1850,60,C,1853
YPL240C,0,2130,1851,60,A,1854
YPL240C,0,2130,1852,60,A,1855
YPL240C,0,2130,1853,60,A,1856
YPL240C,0,2130,1854,60,A,1857
YPL240C,0,2130,1855,60,T,1858
YPL240C,0,2130,1856,60,C,1859
YPL240C,0,2130,1857,60,T,1860
YPL240C,0,2130,1858,60,C,1861
YPL240C,0,2130,1859,60,C,1862
YPL240C,0,2130,1860,60,A,1863
YPL240C,0,2130,1861,60,A,1864
YPL240C,0,2130,1862,60,T,1865
YPL240C,0,2130,1863,60,T,1866
YPL240C,0,2130,1864,59,A,1867
YPL240C,0,2130,1865,58,T,1868
YPL240C,0,2130,1866,57,C,1869
YPL240C,0,2130,1867,57,A,1870
YPL240C,0,2130,1868,57,A,1871
YPL240C,0,2130,1869,57,G,1872
YPL240C,0,2130,1870,57,G,1873
YPL240C,0,2130,1871,57,A,1874
YPL240C,0,2130,1872,57,A,1875
YPL240C,0,2130,1873,56,T,1876
YPL240C,0,2130,1874,55,T,1877
YPL240C,0,2130,1875,54,G,1878
YPL240C,0,2130,1876,53,A,1879
YPL240C,0,2130,1877,52,A,1880
YPL240C,0,2130,1878,51,A,1881
YPL240C,0,2130,1879,50,A,1882
YPL240C,0,2130,1880,49,A,1883
YPL240C,0,2130,1881,48,G,1884
YPL240C,0,2130,1882,47,A,1885
YPL240C,0,2130,1883,46,G,1886
YPL240C,0,2130,1884,45,A,1887
YPL240C,0,2130,1885,44,G,1888
YPL240C,0,2130,1886,43,T,1889
YPL240C,0,2130,1887,42,T,1890
YPL240C,0,2130,1888,41,G,1891
YPL240C,0,2130,1889,40,A,1892
YPL240C,0,2130,1890,39,C,1893
YPL240C,0,2130,1891,38,G,1894
YPL240C,0,2130,1892,37,A,1895
YPL240C,0,2130,1893,36,A,1896
YPL240C,0,2130,1894,36,G,1897
YPL240C,0,2130,1895,36,G,1898
YPL240C,0,2130,1896,36,T,1899
YPL240C,0,2130,1897,35,G,1900
YPL240C,0,2130,1898,34,G,1901
YPL240C,0,2130,1899,33,T,1902
YPL240C,0,2130,1900,32,G,1903
YPL240C,0,2130,1901,31,C,1904
YPL240C,0,2130,1902,30,T,1905
YPL240C,0,2130,1903,30,C,1906
YPL240C,0,2130,1904,30,A,1907
YPL240C,0,2130,1905,30,A,1908
YPL240C,0,2130,1906,30,G,1909
YPL240C,0,2130,1907,30,A,1910
YPL240C,0,2130,1908,30,C,1911
YPL240C,0,2130,1909,30,A,1912
YPL240C,0,2130,1910,30,A,1913
YPL240C,0,2130,1911,30,G,1914
YPL240C,0,2130,1912,30,A,1915
YPL240C,0,2130,1913,30,C,1916
YPL240C,0,2130,1914,30,T,1917
YPL240C,0,2130,1915,30,G,1918
YPL240C,0,2130,1916,30,T,1919
YPL240C,0,2130,1917,30,C,1920
YPL240C,0,2130,1918,30,A,1921
YPL240C,0,2130,1919,30,A,1922
YPL240C,0,2130,1920,30,G,1923
YPL240C,0,2130,1921,30,G,1924
YPL240C,0,2130,1922,30,A,1925
YPL240C,0,2130,1923,30,C,1926
YPL240C,0,2130,1924,30,T,1927
YPL240C,0,2130,1925,30,T,1928
YPL240C,0,2130,1926,30,G,1929
YPL240C,0,2130,1927,30,A,1930
YPL240C,0,2130,1928,30,C,1931
YPL240C,0,2130,1929,30,T,1932
YPL240C,0,2130,1930,30,A,1933
YPL240C,0,2130,1931,30,A,1934
YPL240C,0,2130,1932,30,G,1935
YPL240C,0,2130,1933,30,T,1936
YPL240C,0,2130,1934,30,T,1937
YPL240C,0,2130,1935,30,A,1938
YPL240C,0,2130,1936,30,T,1939
YPL240C,0,2130,1937,30,T,1940
YPL240C,0,2130,1938,30,A,1941
YPL240C,0,2130,1939,30,T,1942
YPL240C,0,2130,1940,30,A,1943
YPL240C,0,2130,1941,30,T,1944
YPL240C,0,2130,1942,30,G,1945
YPL240C,0,2130,1943,30,A,1946
YPL240C,0,2130,1944,30,A,1947
YPL240C,0,2130,1945,30,A,1948
YPL240C,0,2130,1946,30,C,1949
YPL240C,0,2130,1947,30,T,1950
YPL240C,0,2130,1948,30,G,1951
YPL240C,0,2130,1949,30,C,1952
YPL240C,0,2130,1950,30,T,1953
YPL240C,0,2130,1951,30,T,1954
YPL240C,0,2130,1952,30,T,1955
YPL240C,0,2130,1953,30,G,1956
YPL240C,0,2130,1954,30,T,1957
YPL240C,0,2130,1955,30,T,1958
YPL240C,0,2130,1956,30,G,1959
YPL240C,0,2130,1957,30,A,1960
YPL240C,0,2130,1958,30,C,1961
YPL240C,0,2130,1959,30,T,1962
YPL240C,0,2130,1960,30,T,1963
YPL240C,0,2130,1961,30,C,1964
YPL240C,0,2130,1962,30,C,1965
YPL240C,0,2130,1963,30,G,1966
YPL240C,0,2130,1964,30,G,1967
YPL240C,0,2130,1965,30,C,1968
YPL240C,0,2130,1966,31,T,1969
YPL240C,0,2130,1967,32,T,1970
YPL240C,0,2130,1968,33,C,1971
YPL240C,0,2130,1969,34,A,1972
YPL240C,0,2130,1970,35,G,1973
YPL240C,0,2130,1971,36,T,1974
YPL240C,0,2130,1972,37,T,1975
YPL240C,0,2130,1973,38,T,1976
YPL240C,0,2130,1974,39,G,1977
YPL240C,0,2130,1975,39,G,1978
YPL240C,0,2130,1976,39,A,1979
YPL240C,0,2130,1977,39,C,1980
YPL240C,0,2130,1978,39,G,1981
YPL240C,0,2130,1979,39,A,1982
YPL240C,0,2130,1980,39,A,1983
YPL240C,0,2130,1981,39,C,1984
YPL240C,0,2130,1982,39,C,1985
YPL240C,0,2130,1983,39,A,1986
YPL240C,0,2130,1984,39,A,1987
YPL240C,0,2130,1985,39,C,1988
YPL240C,0,2130,1986,39,T,1989
YPL240C,0,2130,1987,39,T,1990
YPL240C,0,2130,1988,39,C,1991
YPL240C,0,2130,1989,39,C,1992
YPL240C,0,2130,1990,39,T,1993
YPL240C,0,2130,1991,39,T,1994
YPL240C,0,2130,1992,39,T,1995
YPL240C,0,2130,1993,39,G,1996
YPL240C,0,2130,1994,39,C,1997
YPL240C,0,2130,1995,39,A,1998
YPL240C,0,2130,1996,38,T,1999
YPL240C,0,2130,1997,37,C,2000
YPL240C,0,2130,1998,36,A,2001
YPL240C,0,2130,1999,35,A,2002
YPL240C,0,2130,2000,34,G,2003
YPL240C,0,2130,2001,33,A,2004
YPL240C,0,2130,2002,32,A,2005
YPL240C,0,2130,2003,31,T,2006
YPL240C,0,2130,2004,30,T,2007
YPL240C,0,2130,2005,30,A,2008
YPL240C,0,2130,2006,30,A,2009
YPL240C,0,2130,2007,30,C,2010
YPL240C,0,2130,2008,31,A,2011
YPL240C,0,2130,2009,32,G,2012
YPL240C,0,2130,2010,33,A,2013
YPL240C,0,2130,2011,34,T,2014
YPL240C,0,2130,2012,35,T,2015
YPL240C,0,2130,2013,36,G,2016
YPL240C,0,2130,2014,37,A,2017
YPL240C,0,2130,2015,38,T,2018
YPL240C,0,2130,2016,39,C,2019
YPL240C,0,2130,2017,40,T,2020
YPL240C,0,2130,2018,41,C,2021
YPL240C,0,2130,2019,42,T,2022
YPL240C,0,2130,2020,43,T,2023
YPL240C,0,2130,2021,44,T,2024
YPL240C,0,2130,2022,45,G,2025
YPL240C,0,2130,2023,46,G,2026
YPL240C,0,2130,2024,47,G,2027
YPL240C,0,2130,2025,48,T,2028
YPL240C,0,2130,2026,49,T,2029
YPL240C,0,2130,2027,50,T,2030
YPL240C,0,2130,2028,51,G,2031
YPL240C,0,2130,2029,52,A,2032
YPL240C,0,2130,2030,53,A,2033
YPL240C,0,2130,2031,54,C,2034
YPL240C,0,2130,2032,55,A,2035
YPL240C,0,2130,2033,56,T,2036
YPL240C,0,2130,2034,57,T,2037
YPL240C,0,2130,2035,58,G,2038
YPL240C,0,2130,2036,59,A,2039
YPL240C,0,2130,2037,60,T,2040
YPL240C,0,2130,2038,60,G,2041
YPL240C,0,2130,2039,60,A,2042
YPL240C,0,2130,2040,60,G,2043
YPL240C,0,2130,2041,59,G,2044
YPL240C,0,2130,2042,58,A,2045
YPL240C,0,2130,2043,57,T,2046
YPL240C,0,2130,2044,56,G,2047
YPL240C,0,2130,2045,55,A,2048
YPL240C,0,2130,2046,54,A,2049
YPL240C,0,2130,2047,53,G,2050
YPL240C,0,2130,2048,52,A,2051
YPL240C,0,2130,2049,51,A,2052
YPL240C,0,2130,2050,50,A,2053
YPL240C,0,2130,2051,49,C,2054
YPL240C,0,2130,2052,48,A,2055
YPL240C,0,2130,2053,47,G,2056
YPL240C,0,2130,2054,46,A,2057
YPL240C,0,2130,2055,45,G,2058
YPL240C,0,2130,2056,44,A,2059
YPL240C,0,2130,2057,43,C,2060
YPL240C,0,2130,2058,42,T,2061
YPL240C,0,2130,2059,41,G,2062
YPL240C,0,2130,2060,40,C,2063
YPL240C,0,2130,2061,39,T,2064
YPL240C,0,2130,2062,38,C,2065
YPL240C,0,2130,2063,37,C,2066
YPL240C,0,2130,2064,36,A,2067
YPL240C,0,2130,2065,35,G,2068
YPL240C,0,2130,2066,34,A,2069
YPL240C,0,2130,2067,33,A,2070
YPL240C,0,2130,2068,32,G,2071
YPL240C,0,2130,2069,31,C,2072
YPL240C,0,2130,2070,30,A,2073
YPL240C,0,2130,2071,30,T,2074
YPL240C,0,2130,2072,30,C,2075
YPL240C,0,2130,2073,30,C,2076
YPL240C,0,2130,2074,31,A,2077
YPL240C,0,2130,2075,32,C,2078
YPL240C,0,2130,2076,33,C,2079
YPL240C,0,2130,2077,34,G,2080
YPL240C,0,2130,2078,35,C,2081
YPL240C,0,2130,2079,36,A,2082
YPL240C,0,2130,2080,37,G,2083
YPL240C,0,2130,2081,38,C,2084
YPL240C,0,2130,2082,39,T,2085
YPL240C,0,2130,2083,40,C,2086
YPL240C,0,2130,2084,41,C,2087
YPL240C,0,2130,2085,42,G,2088
YPL240C,0,2130,2086,43,G,2089
YPL240C,0,2130,2087,44,T,2090
YPL240C,0,2130,2088,45,T,2091
YPL240C,0,2130,2089,46,G,2092
YPL240C,0,2130,2090,47,A,2093
YPL240C,0,2130,2091,48,A,2094
YPL240C,0,2130,2092,49,G,2095
YPL240C,0,2130,2093,50,A,2096
YPL240C,0,2130,2094,51,G,2097
YPL240C,0,2130,2095,51,G,2098
YPL240C,0,2130,2096,51,T,2099
YPL240C,0,2130,2097,51,T,2100
YPL240C,0,2130,2098,51,C,2101
YPL240C,0,2130,2099,51,C,2102
YPL240C,0,2130,2100,51,A,2103
YPL240C,0,2130,2101,51,G,2104
YPL240C,0,2130,2102,50,C,2105
YPL240C,0,2130,2103,49,T,2106
YPL240C,0,2130,2104,47,G,2107
YPL240C,0,2130,2105,45,A,2108
YPL240C,0,2130,2106,43,C,2109
YPL240C,0,2130,2107,41,A,2110
YPL240C,0,2130,2108,39,C,2111
YPL240C,0,2130,2109,37,C,2112
YPL240C,0,2130,2110,35,G,2113
YPL240C,0,2130,2111,33,A,2114
YPL240C,0,2130,2112,31,A,2115
YPL240C,0,2130,2113,29,A,2116
YPL240C,0,2130,2114,27,T,2117
YPL240C,0,2130,2115,25,G,2118
YPL240C,0,2130,2116,23,G,2119
YPL240C,0,2130,2117,21,A,2120
YPL240C,0,2130,2118,19,A,2121
YPL240C,0,2130,2119,17,G,2122
YPL240C,0,2130,2120,15,A,2123
YPL240C,0,2130,2121,13,G,2124
YPL240C,0,2130,2122,11,G,2125
YPL240C,0,2130,2123,9,T,2126
YPL240C,0,2130,2124,7,A,2127
YPL240C,0,2130,2125,6,G,2128
YPL240C,0,2130,2126,5,A,2129
YPL240C,0,2130,2127,4,T,2130
YPL240C,0,2130,2128,3,T,2131
YPL240C,0,2130,2129,2,A,2132
YPL240C,0,2130,2130,1,G,2133
